ABQ,DEN,43665,1,62471,62820,0,0,0,0,0,0,0,0,0,0,0,0,0,0,0,0,0,0,0,0,0,0,0,0,0,0,0,0,0,0,0,0,0,0,0,1,58981,62820,0,0,0,0,0,0,0,0,0,0,0,0,0,0,1,1,7,5,43660,ABQDEN,ABQDEN
ATL,AUS,43665,1,94308,146340,0,0,0,0,0,0,0,0,0,0,0,0,0,0,0,0,1,151218,151218,1,1,1,1,1,1,1,1,1,1,1,1,1,1,1,1,1,92682,146340,0,0,0,0,0,0,0,0,0,0,0,0,0,0,0,0,7,5,43660,ATLAUS,ATLAUS
ATL,COS,43665,1,206190,220410,0,0,0,0,0,0,0,0,0,0,0,0,0,0,0,0,0,0,0,0,0,0,0,0,0,0,0,0,0,0,0,0,0,0,0,1,188415,213300,0,0,0,0,0,0,0,0,0,0,0,0,0,0,0,0,7,5,43660,ATLCOS,ATLCOS
ATL,CVG,43665,0,0,0,0,0,0,0,0,0,0,0,0,0,0,0,0,0,0,0,1,67694,69564,0,0,1,1,1,1,1,1,1,1,1,1,1,1,1,1,0,0,0,0,0,0,0,0,0,0,0,0,0,0,0,0,0,0,0,7,5,43660,ATLCVG,ATLCVG
ATL,DEN,43665,1,198702,222642,0,0,0,0,0,0,1,1,1,1,1,1,1,1,1,1,1,220432,215640,1,1,1,1,1,1,1,1,1,1,1,1,1,1,1,1,1,187929,215460,0,0,0,0,0,0,0,0,0,0,0,0,1,1,1,1,7,5,43660,ATLDEN,ATLDEN
ATL,ISP,43665,1,144508,142920,1,1,1,1,1,1,1,1,1,1,1,1,1,1,1,1,1,143280,148056,0,0,0,0,0,0,0,0,0,0,1,1,1,1,1,1,1,134980,147684,0,0,0,0,0,0,0,0,0,0,0,0,1,1,1,1,7,5,43660,ATLISP,ATLISP
ATL,LAS,43665,1,325128,314640,1,1,1,1,1,1,1,1,1,1,1,1,1,1,1,1,1,328060,324570,1,1,1,1,1,1,1,1,1,1,1,1,1,1,1,1,1,323380,325128,0,0,0,0,1,1,1,1,1,1,1,1,1,1,1,1,7,5,43660,ATLLAS,ATLLAS
ATL,LGA,43665,1,146680,141360,1,1,1,1,1,1,1,1,1,1,1,1,1,1,1,1,1,143256,141732,1,1,1,1,1,1,1,1,1,1,1,1,1,1,1,1,1,101840,141360,0,0,0,0,0,0,0,0,0,0,1,1,1,1,1,1,7,5,43660,ATLLGA,ATLLGA
ATL,MCO,43665,1,92460,92460,1,1,1,1,1,1,1,1,1,1,1,1,1,1,1,1,1,92920,92920,1,1,1,1,1,1,1,1,1,1,1,1,1,1,1,1,1,91656,92460,0,0,0,0,0,0,0,0,0,0,1,1,1,1,1,1,7,5,43660,ATLMCO,ATLMCO
ATL,SFO,43665,1,398040,398040,1,1,1,1,1,1,1,1,1,1,1,1,1,1,1,1,0,0,0,0,0,0,0,0,0,0,0,0,0,0,0,0,0,0,0,1,393760,398040,0,0,0,0,1,1,1,1,1,1,1,1,1,1,1,1,7,5,43660,ATLSFO,ATLSFO
ATL,SJC,43665,0,0,0,0,0,0,0,0,0,0,0,0,0,0,0,0,0,0,0,1,397808,380880,1,1,1,1,1,1,1,1,1,1,1,1,1,1,1,1,0,0,0,0,0,0,0,0,0,0,0,0,0,0,0,0,0,0,0,7,5,43660,ATLSJC,ATLSJC
ATL,SLC,43665,1,363881,365470,0,0,0,0,0,0,0,0,0,0,0,0,0,0,0,0,1,358662,365010,0,0,0,0,0,0,0,0,0,0,0,0,0,0,0,1,1,363881,365470,0,0,0,0,0,0,0,1,1,1,1,1,1,1,1,1,7,5,43660,ATLSLC,ATLSLC
ATL,TTN,43665,1,121800,126000,0,0,0,0,0,0,0,0,0,0,0,0,0,0,0,0,1,128984,126180,1,1,1,1,1,1,1,1,1,1,1,1,1,1,1,1,1,112700,130200,0,0,0,0,0,0,0,0,0,0,0,0,0,0,1,1,7,5,43660,ATLTTN,ATLTTN
AUS,ATL,43665,1,148779,151218,0,0,0,0,0,0,0,0,0,0,0,0,0,0,0,0,1,151218,151218,1,1,1,1,1,1,1,1,1,1,1,1,1,1,1,1,1,146340,151218,0,0,0,0,0,0,0,0,0,0,0,1,1,1,1,1,7,5,43660,ATLAUS,AUSATL
AUS,CHS,43665,0,0,0,0,0,0,0,0,0,0,0,0,0,0,0,0,0,0,0,1,196416,196416,1,1,1,1,1,1,1,1,1,1,1,1,1,1,1,1,0,0,0,0,0,0,0,0,0,0,0,0,0,0,0,0,0,0,0,7,5,43660,AUSCHS,AUSCHS
AUS,DEN,43665,1,144336,144336,1,1,1,1,1,1,1,1,1,1,1,1,1,1,1,1,2,265392,260736,2,2,2,2,2,2,2,2,2,2,2,2,2,2,2,2,1,142008,144336,0,0,0,0,0,1,1,1,1,1,1,1,1,1,1,1,7,5,43660,AUSDEN,AUSDEN
AUS,DTW,43665,1,200375,212970,0,0,0,0,0,0,0,0,0,0,0,0,0,0,0,0,0,0,0,0,0,0,0,0,0,0,0,0,0,0,0,0,0,0,0,1,194650,212970,0,0,0,0,0,0,0,0,0,0,0,0,0,0,1,1,7,5,43660,AUSDTW,AUSDTW
AUS,IND,43665,0,0,0,0,0,0,0,0,0,0,0,0,0,0,0,0,0,0,0,1,150880,171120,0,0,0,0,0,0,0,0,0,0,0,0,0,0,0,0,0,0,0,0,0,0,0,0,0,0,0,0,0,0,0,0,0,0,0,7,5,43660,AUSIND,AUSIND
AUS,LAS,43665,1,195480,195480,1,1,1,1,1,1,1,1,1,1,1,1,1,1,1,1,1,206910,202554,1,1,1,1,1,1,1,1,1,1,1,1,1,1,1,1,1,194394,195480,0,0,0,0,0,1,1,1,1,1,1,1,1,1,1,1,7,5,43660,AUSLAS,AUSLAS
AUS,MCO,43665,1,182085,185070,0,0,0,0,0,0,0,0,0,0,0,0,0,0,0,0,1,148800,148800,1,1,1,1,1,1,1,1,1,1,1,1,1,1,1,1,1,174125,185070,0,0,0,0,0,0,0,0,0,1,1,1,1,1,1,1,7,5,43660,AUSMCO,AUSMCO
AUS,MSP,43665,1,183195,192510,0,0,0,0,0,0,0,0,0,0,0,0,0,0,0,0,1,171930,193812,0,0,0,0,0,0,0,0,0,0,0,0,0,0,0,1,1,176985,192510,0,0,0,0,0,0,0,0,0,0,0,0,0,0,0,0,7,5,43660,AUSMSP,AUSMSP
AUS,OMA,43665,0,0,0,0,0,0,0,0,0,0,0,0,0,0,0,0,0,0,0,1,103850,116250,0,0,0,0,0,0,0,0,0,0,0,0,0,0,0,1,0,0,0,0,0,0,0,0,0,0,0,0,0,0,0,0,0,0,0,7,5,43660,AUSOMA,AUSOMA
AUS,ONT,43665,0,0,0,0,0,0,0,0,0,0,0,0,0,0,0,0,0,0,0,1,216657,222642,0,0,0,0,0,0,0,0,0,0,0,0,0,0,0,0,0,0,0,0,0,0,0,0,0,0,0,0,0,0,0,0,0,0,0,7,5,43660,AUSONT,AUSONT
AUS,PHL,43665,1,262936,257220,1,1,1,1,1,1,1,1,1,1,1,1,1,1,1,1,1,265422,265422,1,1,1,1,1,1,1,1,1,1,1,1,1,1,1,1,1,260078,265794,0,0,0,0,0,0,0,0,0,0,1,1,1,1,1,1,7,5,43660,AUSPHL,AUSPHL
AUS,PHX,43665,0,0,0,0,0,0,0,0,0,0,0,0,0,0,0,0,0,0,0,1,131672,130800,1,1,1,1,1,1,1,1,1,1,1,1,1,1,1,1,0,0,0,0,0,0,0,0,0,0,0,0,0,0,0,0,0,0,0,7,5,43660,AUSPHX,AUSPHX
AUS,RDU,43665,0,0,0,0,0,0,0,0,0,0,0,0,0,0,0,0,0,0,0,1,163842,216132,0,0,0,0,0,0,0,0,0,0,0,0,0,0,0,0,0,0,0,0,0,0,0,0,0,0,0,0,0,0,0,0,0,0,0,7,5,43660,AUSRDU,AUSRDU
AUS,RNO,43665,0,0,0,0,0,0,0,0,0,0,0,0,0,0,0,0,0,0,0,1,250090,261330,0,0,0,0,0,0,0,0,0,0,0,0,0,0,0,0,0,0,0,0,0,0,0,0,0,0,0,0,0,0,0,0,0,0,0,7,5,43660,AUSRNO,AUSRNO
AUS,SAN,43665,1,208800,208800,1,1,1,1,1,1,1,1,1,1,1,1,1,1,1,1,0,0,0,0,0,0,0,0,0,0,0,0,0,0,0,0,0,0,0,1,208800,208800,1,1,1,1,1,1,1,1,1,1,1,1,1,1,1,1,7,5,43660,AUSSAN,AUSSAN
AUS,SEA,43665,0,0,0,0,0,0,0,0,0,0,0,0,0,0,0,0,0,0,0,1,327635,329406,0,0,0,1,1,1,1,1,1,1,1,1,1,1,1,1,0,0,0,0,0,0,0,0,0,0,0,0,0,0,0,0,0,0,0,7,5,43660,AUSSEA,AUSSEA
AUS,SFO,43665,1,275816,278814,0,0,0,0,0,0,0,0,0,0,0,0,0,0,0,0,0,0,0,0,0,0,0,0,0,0,0,0,0,0,0,0,0,0,0,1,266822,278814,0,0,0,0,0,0,0,0,0,0,0,0,1,1,1,1,7,5,43660,AUSSFO,AUSSFO
AUS,SLC,43665,1,171402,200508,0,0,0,0,0,0,0,0,0,0,0,0,0,0,0,0,0,0,0,0,0,0,0,0,0,0,0,0,0,0,0,0,0,0,0,1,169246,200508,0,0,0,0,0,0,0,0,0,0,0,0,0,0,1,1,7,5,43660,AUSSLC,AUSSLC
AUS,SNA,43665,1,218105,224130,0,0,0,0,0,0,0,0,0,0,0,0,0,0,0,0,0,0,0,0,0,0,0,0,0,0,0,0,0,0,0,0,0,0,0,1,213285,224130,0,0,0,0,0,0,0,0,0,0,0,1,1,1,1,1,7,5,43660,AUSSNA,AUSSNA
BDL,MCO,43665,1,194065,195114,0,0,0,0,0,0,0,0,0,0,0,0,0,0,0,0,0,0,0,0,0,0,0,0,0,0,0,0,0,0,0,0,0,0,0,1,190918,195114,0,0,0,0,0,0,0,0,0,1,1,1,1,1,1,1,7,5,43660,BDLMCO,BDLMCO
BHM,MCO,43665,0,0,0,0,0,0,0,0,0,0,0,0,0,0,0,0,0,0,0,1,87178,86220,1,1,1,1,1,1,1,1,1,1,1,1,1,1,1,1,0,0,0,0,0,0,0,0,0,0,0,0,0,0,0,0,0,0,0,7,5,43660,BHMMCO,BHMMCO
BNA,DEN,43665,1,186024,188046,0,1,1,1,1,1,1,1,1,1,1,1,1,1,1,1,1,150788,151800,0,0,0,0,0,0,0,0,0,0,0,0,0,0,0,0,1,186024,188046,0,1,1,1,1,1,1,1,1,1,1,1,1,1,1,1,7,5,43660,BNADEN,BNADEN
BNA,LAS,43665,1,279488,295368,0,0,0,0,0,0,0,0,0,0,0,0,0,0,0,0,0,0,0,0,0,0,0,0,0,0,0,0,0,0,0,0,0,0,0,1,258844,285840,0,0,0,0,0,0,0,0,0,0,0,1,1,1,1,1,7,5,43660,BNALAS,BNALAS
BNA,MCO,43665,1,125460,141450,0,0,0,0,0,0,0,0,0,0,0,0,0,0,0,0,0,0,0,0,0,0,0,0,0,0,0,0,0,0,0,0,0,0,0,1,119310,141450,0,0,0,0,0,0,0,0,0,0,0,0,0,0,0,1,7,5,43660,BNAMCO,BNAMCO
BNA,PHL,43665,1,109512,125736,0,0,0,0,0,0,0,0,0,0,0,0,0,0,0,0,1,107325,125550,0,0,0,0,0,0,0,0,0,0,0,0,0,0,0,1,1,106808,121680,0,0,0,0,0,0,0,0,0,0,0,0,0,0,0,0,7,5,43660,BNAPHL,BNAPHL
BOS,DEN,43665,1,325686,315180,1,1,1,1,1,1,1,1,1,1,1,1,1,1,1,1,0,0,0,0,0,0,0,0,0,0,0,0,0,0,0,0,0,0,0,1,325686,325686,1,1,1,1,1,1,1,1,1,1,1,1,1,1,1,1,7,5,43660,BOSDEN,BOSDEN
BOS,MCO,43665,1,201780,208506,0,0,0,0,0,0,0,0,0,0,0,0,0,0,0,0,0,0,0,0,0,0,0,0,0,0,0,0,0,0,0,0,0,0,0,1,200659,201780,0,0,0,0,0,0,0,0,0,1,1,1,1,1,1,1,7,5,43660,BOSMCO,BOSMCO
BOS,RDU,43665,1,110772,113832,0,0,0,0,0,0,0,0,0,0,0,0,0,0,0,0,0,0,0,0,0,0,0,0,0,0,0,0,0,0,0,0,0,0,0,1,108324,113832,0,0,0,0,0,0,0,0,0,0,0,0,0,0,1,1,7,5,43660,BOSRDU,BOSRDU
BTV,DEN,43665,1,291742,295020,0,0,0,0,0,0,0,0,0,0,0,0,0,0,0,0,0,0,0,0,0,0,0,0,0,0,0,0,0,0,0,0,0,0,0,1,280269,295020,0,0,0,0,0,0,0,0,0,0,0,1,1,1,1,1,7,5,43660,BTVDEN,BTVDEN
BUF,DEN,43665,0,0,0,0,0,0,0,0,0,0,0,0,0,0,0,0,0,0,0,1,205360,204000,0,0,0,0,0,0,0,0,0,0,0,0,0,0,0,0,0,0,0,0,0,0,0,0,0,0,0,0,0,0,0,0,0,0,0,7,5,43660,BUFDEN,BUFDEN
BUF,MCO,43665,1,218953,232070,0,0,0,0,0,0,0,0,0,0,0,0,0,0,0,0,1,148617,151650,0,0,0,0,0,0,0,0,0,1,1,1,1,1,1,1,1,202809,232070,0,0,0,0,0,0,0,0,0,0,0,0,0,0,0,1,7,5,43660,BUFMCO,BUFMCO
BWI,DEN,43665,1,342240,342240,1,1,1,1,1,1,1,1,1,1,1,1,1,1,1,1,0,0,0,0,0,0,0,0,0,0,0,0,0,0,0,0,0,0,0,1,342240,342240,1,1,1,1,1,1,1,1,1,1,1,1,1,1,1,1,7,5,43660,BWIDEN,BWIDEN
BZN,DEN,43665,1,78750,97650,0,0,0,0,0,0,0,0,0,0,0,0,0,0,0,0,0,0,0,0,0,0,0,0,0,0,0,0,0,0,0,0,0,0,0,1,76650,97650,0,0,0,0,0,0,0,0,0,0,0,0,0,0,0,0,7,5,43660,BZNDEN,BZNDEN
CHS,AUS,43665,0,0,0,0,0,0,0,0,0,0,0,0,0,0,0,0,0,0,0,1,127776,196416,0,0,0,0,0,0,0,0,0,0,0,0,0,0,0,0,0,0,0,0,0,0,0,0,0,0,0,0,0,0,0,0,0,0,0,7,5,43660,AUSCHS,CHSAUS
CHS,DEN,43665,1,188110,217050,0,0,0,0,0,0,0,0,0,0,0,0,0,0,0,0,0,0,0,0,0,0,0,0,0,0,0,0,0,0,0,0,0,0,0,1,186663,217050,0,0,0,0,0,0,0,0,0,0,0,0,0,0,0,0,7,5,43660,CHSDEN,CHSDEN
CHS,ORD,43665,0,0,0,0,0,0,0,0,0,0,0,0,0,0,0,0,0,0,0,1,76861,114150,0,0,0,0,0,0,0,0,0,0,0,0,0,0,0,0,0,0,0,0,0,0,0,0,0,0,0,0,0,0,0,0,0,0,0,7,5,43660,CHSORD,CHSORD
CHS,TTN,43665,1,76180,108996,0,0,0,0,0,0,0,0,0,0,0,0,0,0,0,0,1,55084,108996,0,0,0,0,0,0,0,0,0,0,0,0,0,0,0,0,1,65632,105480,0,0,0,0,0,0,0,0,0,0,0,0,0,0,0,0,7,5,43660,CHSTTN,CHSTTN
CID,DEN,43665,0,0,0,0,0,0,0,0,0,0,0,0,0,0,0,0,0,0,0,1,128020,128712,0,0,0,1,1,1,1,1,1,1,1,1,1,1,1,1,0,0,0,0,0,0,0,0,0,0,0,0,0,0,0,0,0,0,0,7,5,43660,CIDDEN,CIDDEN
CLE,DEN,43665,1,275540,275540,1,1,1,1,1,1,1,1,1,1,1,1,1,1,1,1,1,278168,275770,1,1,1,1,1,1,1,1,1,1,1,1,1,1,1,1,1,264758,275540,0,0,0,0,0,0,0,0,0,1,1,1,1,1,1,1,7,5,43660,CLEDEN,CLEDEN
CLE,LAS,43665,1,271925,419750,0,0,0,0,0,0,0,0,0,0,0,0,0,0,0,0,1,393768,419290,0,0,0,0,0,0,0,0,0,0,0,0,0,0,0,0,1,264625,419750,0,0,0,0,0,0,0,0,0,0,0,0,0,0,0,0,7,5,43660,CLELAS,CLELAS
CLE,MCO,43665,2,331674,371904,0,0,0,0,0,0,0,0,0,0,0,0,0,0,0,0,2,395120,413080,0,0,0,0,0,0,0,0,0,0,0,0,0,0,0,0,2,313794,371904,0,0,0,0,0,0,0,0,0,0,0,0,0,0,0,0,7,5,43660,CLEMCO,CLEMCO
CLE,MSP,43665,1,113826,115692,0,0,0,0,0,0,0,0,0,0,0,0,0,0,0,0,0,0,0,0,0,0,0,0,0,0,0,0,0,0,0,0,0,0,0,1,104496,115692,0,0,0,0,0,0,0,0,0,0,0,0,0,0,1,1,7,5,43660,CLEMSP,CLEMSP
CLE,PHX,43665,1,399510,399510,1,1,1,1,1,1,1,1,1,1,1,1,1,1,1,1,0,0,0,0,0,0,0,0,0,0,0,0,0,0,0,0,0,0,0,1,397773,399510,0,0,0,0,0,0,0,0,0,0,1,1,1,1,1,1,7,5,43660,CLEPHX,CLEPHX
CLE,RDU,43665,1,69888,77376,0,0,0,0,0,0,0,0,0,0,0,0,0,0,0,0,0,0,0,0,0,0,0,0,0,0,0,0,0,0,0,0,0,0,0,1,66560,77376,0,0,0,0,0,0,0,0,0,0,0,0,0,0,0,0,7,5,43660,CLERDU,CLERDU
CLE,RSW,43665,1,222425,235750,0,0,0,0,0,0,0,0,0,0,0,0,0,0,0,0,1,237699,236670,1,1,1,1,1,1,1,1,1,1,1,1,1,1,1,1,1,211150,235750,0,0,0,0,0,0,0,0,0,0,0,0,0,0,0,0,7,5,43660,CLERSW,CLERSW
CLE,SAN,43665,1,370758,376836,0,0,0,0,0,0,0,0,0,0,0,0,0,0,0,0,0,0,0,0,0,0,0,0,0,0,0,0,0,0,0,0,0,0,0,1,372784,376836,0,0,0,1,1,1,1,1,1,1,1,1,1,1,1,1,7,5,43660,CLESAN,CLESAN
CLE,SEA,43665,1,442380,464600,0,0,0,0,0,0,0,0,0,0,0,0,0,0,0,0,1,462122,464140,0,0,0,0,0,0,0,0,0,0,0,0,0,0,0,0,1,430260,464600,0,0,0,0,0,0,0,0,0,0,1,1,1,1,1,1,7,5,43660,CLESEA,CLESEA
CLE,SRQ,43665,1,209839,222410,0,0,0,0,0,0,0,0,0,0,0,0,0,0,0,0,0,0,0,0,0,0,0,0,0,0,0,0,0,0,0,0,0,0,0,1,204037,222410,0,0,0,0,0,0,0,0,0,0,0,0,0,0,0,0,7,5,43660,CLESRQ,CLESRQ
CLE,TPA,43665,1,167968,172608,0,0,0,0,0,0,0,0,0,0,0,0,0,0,0,0,1,216690,213900,0,0,0,0,0,0,0,0,0,0,0,0,0,0,0,0,1,163328,167040,0,0,0,0,0,0,0,1,1,1,1,1,1,1,1,1,7,5,43660,CLETPA,CLETPA
CLT,DEN,43665,1,241635,240300,1,1,1,1,1,1,1,1,1,1,1,1,1,1,1,1,1,240480,240480,1,1,1,1,1,1,1,1,1,1,1,1,1,1,1,1,1,237630,240300,0,0,1,1,1,1,1,1,1,1,1,1,1,1,1,1,7,5,43660,CLTDEN,CLTDEN
CLT,LAS,43665,1,352728,356562,0,0,0,0,0,0,0,0,0,0,0,0,0,0,0,0,0,0,0,0,0,0,0,0,0,0,0,0,0,0,0,0,0,0,0,1,333558,345060,0,0,0,0,0,0,1,1,1,1,1,1,1,1,1,1,7,5,43660,CLTLAS,CLTLAS
CLT,MCO,43665,1,83126,86862,0,0,0,0,0,0,0,0,0,0,0,0,0,0,0,0,1,106722,106260,0,0,0,0,0,0,0,0,0,0,1,1,1,1,1,1,1,77989,86862,0,0,0,0,0,0,0,0,0,0,1,1,1,1,1,1,7,5,43660,CLTMCO,CLTMCO
CLT,PHL,43665,0,0,0,0,0,0,0,0,0,0,0,0,0,0,0,0,0,0,0,1,81536,80640,1,1,1,1,1,1,1,1,1,1,1,1,1,1,1,1,0,0,0,0,0,0,0,0,0,0,0,0,0,0,0,0,0,0,0,7,5,43660,CLTPHL,CLTPHL
CLT,PVD,43665,1,122940,127038,0,0,0,0,0,0,0,0,0,0,0,0,0,0,0,0,1,157320,157320,0,0,0,0,0,0,0,0,0,0,0,0,0,0,0,0,1,122940,122940,1,1,1,1,1,1,1,1,1,1,1,1,1,1,1,1,7,5,43660,CLTPVD,CLTPVD
CLT,TTN,43665,1,81312,90024,0,0,0,0,0,0,0,0,0,0,0,0,0,0,0,0,0,0,0,0,0,0,0,0,0,0,0,0,0,0,0,0,0,0,0,1,79860,90024,0,0,0,0,0,0,0,0,0,0,0,0,0,0,1,1,7,5,43660,CLTTTN,CLTTTN
CMH,DEN,43665,1,203904,214272,0,0,0,0,0,0,0,0,0,0,0,0,0,0,0,0,1,207192,209520,0,0,0,1,1,1,1,1,1,1,1,1,1,1,1,1,1,194688,207360,0,0,0,0,0,0,0,0,0,0,0,0,0,0,0,0,7,5,43660,CMHDEN,CMHDEN
CMH,MCO,43665,1,168210,184230,0,0,0,0,0,0,0,0,0,0,0,0,0,0,0,0,0,0,0,0,0,0,0,0,0,0,0,0,0,0,0,0,0,0,0,1,166608,184230,0,0,0,0,0,0,0,0,0,0,0,0,0,0,0,0,7,5,43660,CMHMCO,CMHMCO
COS,ATL,43665,1,186045,220410,0,0,0,0,0,0,0,0,0,0,0,0,0,0,0,0,0,0,0,0,0,0,0,0,0,0,0,0,0,0,0,0,0,0,0,1,187230,213300,0,0,0,0,0,0,0,0,0,0,0,0,0,0,0,1,7,5,43660,ATLCOS,COSATL
COS,IAD,43665,0,0,0,0,0,0,0,0,0,0,0,0,0,0,0,0,0,0,0,1,198968,219450,0,0,0,0,0,0,0,0,0,0,0,0,0,0,1,1,0,0,0,0,0,0,0,0,0,0,0,0,0,0,0,0,0,0,0,7,5,43660,COSIAD,COSIAD
COS,LAS,43665,2,205700,225060,0,0,0,0,0,0,0,0,0,0,0,0,0,0,0,0,1,104896,110856,0,0,0,0,0,0,0,0,0,0,0,0,0,0,0,0,2,189970,225060,0,0,0,0,0,0,0,0,0,0,0,0,0,1,1,1,7,5,43660,COSLAS,COSLAS
COS,ORD,43665,0,0,0,0,0,0,0,0,0,0,0,0,0,0,0,0,0,0,0,1,166713,169446,0,0,0,0,0,1,1,1,1,1,1,1,1,1,1,1,0,0,0,0,0,0,0,0,0,0,0,0,0,0,0,0,0,0,0,7,5,43660,COSORD,COSORD
COS,PHX,43665,1,93119,102486,0,0,0,0,0,0,0,0,0,0,0,0,0,0,0,0,1,82650,82650,1,1,1,1,1,1,1,1,1,1,1,1,1,1,1,1,1,86507,99180,0,0,0,0,0,0,0,0,0,0,0,0,1,1,1,1,7,5,43660,COSPHX,COSPHX
COS,SAN,43665,0,0,0,0,0,0,0,0,0,0,0,0,0,0,0,0,0,0,0,1,128928,151776,0,0,0,0,0,0,0,0,0,0,0,0,0,0,1,1,0,0,0,0,0,0,0,0,0,0,0,0,0,0,0,0,0,0,0,7,5,43660,COSSAN,COSSAN
COS,SAT,43665,1,121346,135966,0,0,0,0,0,0,0,0,0,0,0,0,0,0,0,0,1,131760,136152,0,0,0,0,0,0,0,0,0,0,0,0,0,0,0,1,1,116960,135966,0,0,0,0,0,0,0,0,0,0,0,0,0,0,0,0,7,5,43660,COSSAT,COSSAT
CUN,DEN,43665,1,376200,384560,1,1,1,1,1,1,1,1,1,1,1,1,1,1,1,1,1,279391,384790,0,0,0,0,0,0,0,0,0,0,0,0,0,0,0,0,1,376200,384560,1,1,1,1,1,1,1,1,1,1,1,1,1,1,1,1,7,5,43660,CUNDEN,CUNDEN
CUN,PHL,43665,0,0,0,0,0,0,0,0,0,0,0,0,0,0,0,0,0,0,0,1,337088,338560,1,1,1,1,1,1,1,1,1,1,1,1,1,1,1,1,0,0,0,0,0,0,0,0,0,0,0,0,0,0,0,0,0,0,0,7,5,43660,CUNPHL,CUNPHL
CUN,STL,43665,1,275724,285660,1,1,1,1,1,1,1,1,1,1,1,1,1,1,1,1,1,284647,285890,1,1,1,1,1,1,1,1,1,1,1,1,1,1,1,1,1,278208,285660,1,1,1,1,1,1,1,1,1,1,1,1,1,1,1,1,7,5,43660,CUNSTL,CUNSTL
CVG,ATL,43665,0,0,0,0,0,0,0,0,0,0,0,0,0,0,0,0,0,0,0,1,67320,67320,1,1,1,1,1,1,1,1,1,1,1,1,1,1,1,1,0,0,0,0,0,0,0,0,0,0,0,0,0,0,0,0,0,0,0,7,5,43660,ATLCVG,CVGATL
CVG,DEN,43665,1,198462,198462,1,1,1,1,1,1,1,1,1,1,1,1,1,1,1,1,1,197395,198462,0,0,1,1,1,1,1,1,1,1,1,1,1,1,1,1,1,189926,198462,0,0,0,0,0,0,0,0,0,1,1,1,1,1,1,1,7,5,43660,CVGDEN,CVGDEN
CVG,DFW,43665,1,137228,151032,0,0,0,0,0,0,0,0,0,0,0,0,0,0,0,0,0,0,0,0,0,0,0,0,0,0,0,0,0,0,0,0,0,0,0,1,127484,151032,0,0,0,0,0,0,0,0,0,0,0,0,0,0,0,0,7,5,43660,CVGDFW,CVGDFW
CVG,LAS,43665,1,308936,312294,0,0,0,0,0,0,0,0,0,0,0,0,0,0,0,0,1,269836,301680,0,0,0,0,0,0,0,0,0,0,0,0,0,0,0,0,1,287109,312294,0,0,0,0,0,0,0,0,0,0,0,0,1,1,1,1,7,5,43660,CVGLAS,CVGLAS
CVG,LAX,43665,1,353400,353400,1,1,1,1,1,1,1,1,1,1,1,1,1,1,1,1,1,337488,352656,0,0,0,0,0,0,0,0,0,0,0,0,0,0,0,0,1,351500,353400,0,0,0,0,0,0,0,0,0,1,1,1,1,1,1,1,7,5,43660,CVGLAX,CVGLAX
CVG,LGA,43665,1,108810,108810,1,1,1,1,1,1,1,1,1,1,1,1,1,1,1,1,1,108810,108810,1,1,1,1,1,1,1,1,1,1,1,1,1,1,1,1,1,105885,108810,0,0,0,0,0,0,0,0,0,0,0,1,1,1,1,1,7,5,43660,CVGLGA,CVGLGA
CVG,MCO,43665,1,139675,140430,0,0,0,0,0,0,0,0,0,0,0,0,0,0,0,0,1,173811,174570,0,0,0,0,0,0,0,0,0,0,0,0,0,0,0,1,1,138165,140430,0,0,0,0,0,0,0,0,0,0,1,1,1,1,1,1,7,5,43660,CVGMCO,CVGMCO
CVG,MSP,43665,0,0,0,0,0,0,0,0,0,0,0,0,0,0,0,0,0,0,0,1,73308,89400,0,0,0,0,0,0,0,0,0,0,0,0,0,0,1,1,0,0,0,0,0,0,0,0,0,0,0,0,0,0,0,0,0,0,0,7,5,43660,CVGMSP,CVGMSP
CVG,PHL,43665,0,0,0,0,0,0,0,0,0,0,0,0,0,0,0,0,0,0,0,1,115596,116610,0,0,0,0,0,0,0,0,0,0,0,0,0,0,0,0,0,0,0,0,0,0,0,0,0,0,0,0,0,0,0,0,0,0,0,7,5,43660,CVGPHL,CVGPHL
CVG,PHX,43665,1,290265,291834,0,0,0,0,0,0,0,0,0,0,0,0,0,0,0,0,1,361977,360410,0,0,1,1,1,1,1,1,1,1,1,1,1,1,1,1,1,291834,291834,1,1,1,1,1,1,1,1,1,1,1,1,1,1,1,1,7,5,43660,CVGPHX,CVGPHX
CVG,RDU,43665,0,0,0,0,0,0,0,0,0,0,0,0,0,0,0,0,0,0,0,1,56304,58650,0,0,0,0,0,0,0,0,0,0,1,1,1,1,1,1,0,0,0,0,0,0,0,0,0,0,0,0,0,0,0,0,0,0,0,7,5,43660,CVGRDU,CVGRDU
CVG,RSW,43665,1,201062,201940,0,0,0,0,0,0,0,0,0,0,0,0,0,0,0,0,1,154350,158760,0,0,0,0,0,0,0,0,0,0,0,0,0,0,0,1,1,200184,201940,0,0,0,0,1,1,1,1,1,1,1,1,1,1,1,1,7,5,43660,CVGRSW,CVGRSW
CVG,SAT,43665,0,0,0,0,0,0,0,0,0,0,0,0,0,0,0,0,0,0,0,1,156825,190650,0,0,0,0,0,0,0,0,0,0,0,0,0,0,0,0,0,0,0,0,0,0,0,0,0,0,0,0,0,0,0,0,0,0,0,7,5,43660,CVGSAT,CVGSAT
CVG,TPA,43665,1,143778,139140,1,1,1,1,1,1,1,1,1,1,1,1,1,1,1,1,1,139140,139140,1,1,1,1,1,1,1,1,1,1,1,1,1,1,1,1,1,143005,143778,0,0,1,1,1,1,1,1,1,1,1,1,1,1,1,1,7,5,43660,CVGTPA,CVGTPA
DCA,DEN,43665,3,764487,760068,2,2,2,2,2,2,2,2,2,2,2,2,2,2,2,2,3,690837,715878,0,0,0,0,1,2,2,2,2,2,2,3,3,3,3,3,3,755649,768906,1,1,1,1,2,2,2,3,3,3,3,3,3,3,3,3,7,5,43660,DCADEN,DCADEN
DEN,ABQ,43665,1,53048,62820,0,0,0,0,0,0,0,0,0,0,0,0,0,0,0,0,0,0,0,0,0,0,0,0,0,0,0,0,0,0,0,0,0,0,0,1,47813,62820,0,0,0,0,0,0,0,0,0,0,0,0,0,0,0,0,7,5,43660,ABQDEN,DENABQ
DEN,ATL,43665,1,214263,222642,0,0,0,0,1,1,1,1,1,1,1,1,1,1,1,1,0,0,0,0,0,0,0,0,0,0,0,0,0,0,0,0,0,0,0,1,208278,222642,0,0,0,0,0,1,1,1,1,1,1,1,1,1,1,1,7,5,43660,ATLDEN,DENATL
DEN,AUS,43665,1,142008,144336,0,0,0,0,0,0,0,0,0,0,0,0,0,0,0,0,2,232024,260736,0,0,0,0,0,0,0,0,0,0,0,0,0,0,0,2,1,132696,144336,0,0,0,0,0,0,0,0,0,0,0,0,1,1,1,1,7,5,43660,AUSDEN,DENAUS
DEN,BNA,43665,1,179958,188046,0,0,0,0,0,0,1,1,1,1,1,1,1,1,1,1,1,154836,151800,1,1,1,1,1,1,1,1,1,1,1,1,1,1,1,1,1,174903,188046,0,0,0,0,0,0,0,0,1,1,1,1,1,1,1,1,7,5,43660,BNADEN,DENBNA
DEN,BOS,43665,1,306425,325686,0,0,0,0,0,0,0,0,0,0,0,0,0,0,0,0,0,0,0,0,0,0,0,0,0,0,0,0,0,0,0,0,0,0,0,1,304674,315180,0,0,0,0,0,0,0,0,0,0,1,1,1,1,1,1,7,5,43660,BOSDEN,DENBOS
DEN,BTV,43665,1,281908,295020,0,0,0,0,0,0,0,0,0,0,0,0,0,0,0,0,0,0,0,0,0,0,0,0,0,0,0,0,0,0,0,0,0,0,0,1,272074,295020,0,0,0,0,0,0,0,0,0,0,0,0,1,1,1,1,7,5,43660,BTVDEN,DENBTV
DEN,BUF,43665,0,0,0,0,0,0,0,0,0,0,0,0,0,0,0,0,0,0,0,1,206720,204000,1,1,1,1,1,1,1,1,1,1,1,1,1,1,1,1,0,0,0,0,0,0,0,0,0,0,0,0,0,0,0,0,0,0,0,7,5,43660,BUFDEN,DENBUF
DEN,BWI,43665,1,342240,342240,1,1,1,1,1,1,1,1,1,1,1,1,1,1,1,1,0,0,0,0,0,0,0,0,0,0,0,0,0,0,0,0,0,0,0,1,333312,342240,0,0,0,0,0,0,0,0,0,0,0,1,1,1,1,1,7,5,43660,BWIDEN,DENBWI
DEN,BZN,43665,1,82425,97650,0,0,0,0,0,0,0,0,0,0,0,0,0,0,0,0,0,0,0,0,0,0,0,0,0,0,0,0,0,0,0,0,0,0,0,1,79800,97650,0,0,0,0,0,0,0,0,0,0,0,0,0,0,0,0,7,5,43660,BZNDEN,DENBZN
DEN,CHS,43665,1,198239,217050,0,0,0,0,0,0,0,0,0,0,0,0,0,0,0,0,0,0,0,0,0,0,0,0,0,0,0,0,0,0,0,0,0,0,0,1,191004,217050,0,0,0,0,0,0,0,0,0,0,0,0,0,0,1,1,7,5,43660,CHSDEN,DENCHS
DEN,CID,43665,0,0,0,0,0,0,0,0,0,0,0,0,0,0,0,0,0,0,0,1,126636,128712,0,0,0,0,0,1,1,1,1,1,1,1,1,1,1,1,0,0,0,0,0,0,0,0,0,0,0,0,0,0,0,0,0,0,0,7,5,43660,CIDDEN,DENCID
DEN,CLE,43665,1,275540,275540,1,1,1,1,1,1,1,1,1,1,1,1,1,1,1,1,1,252989,275770,0,0,0,0,0,0,0,0,0,0,0,0,0,0,0,0,1,264758,275540,0,0,0,0,0,0,0,0,0,1,1,1,1,1,1,1,7,5,43660,CLEDEN,DENCLE
DEN,CLT,43665,1,206925,248310,0,0,0,0,0,0,0,0,0,0,0,0,0,0,0,0,0,0,0,0,0,0,0,0,0,0,0,0,0,0,0,0,0,0,0,1,206925,240300,0,0,0,0,0,0,0,0,0,0,0,0,1,1,1,1,7,5,43660,CLTDEN,DENCLT
DEN,CMH,43665,1,203904,214272,0,0,0,0,0,0,0,0,0,0,0,0,0,0,0,0,1,185076,209520,0,0,0,0,0,0,0,0,0,0,0,0,0,0,0,1,1,203904,207360,0,0,0,1,1,1,1,1,1,1,1,1,1,1,1,1,7,5,43660,CMHDEN,DENCMH
DEN,CUN,43665,1,381216,384560,0,0,0,0,0,0,0,0,0,0,0,0,0,0,0,0,1,302813,384790,0,0,0,0,0,0,0,0,0,0,0,0,0,0,0,0,1,381216,384560,0,0,0,0,0,0,0,0,0,0,0,0,0,0,0,1,7,5,43660,CUNDEN,DENCUN
DEN,CVG,43665,1,185658,198462,0,0,0,0,0,0,0,0,0,0,0,0,0,0,0,0,1,186725,198462,0,0,0,0,0,0,0,0,0,0,0,1,1,1,1,1,1,177122,198462,0,0,0,0,0,0,0,0,0,0,0,0,0,0,0,1,7,5,43660,CVGDEN,DENCVG
DEN,DCA,43665,3,637809,760068,0,0,0,0,0,0,0,0,0,0,0,0,0,0,0,0,3,642228,715878,0,0,0,0,0,1,1,1,1,1,1,2,2,2,2,2,3,617187,768906,0,0,0,0,0,0,0,0,0,0,0,0,0,0,1,2,7,5,43660,DCADEN,DENDCA
DEN,DFW,43665,2,219564,238824,0,0,1,1,1,1,1,1,1,1,2,2,2,2,2,2,1,148302,147660,1,1,1,1,1,1,1,1,1,1,1,1,1,1,1,1,2,205440,234972,0,0,0,0,0,0,0,0,0,0,0,0,0,0,0,1,7,5,43660,DENDFW,DENDFW
DEN,DSM,43665,1,82908,88200,0,0,0,0,0,0,0,0,0,0,0,0,0,0,0,0,1,103488,105840,0,0,0,0,0,0,0,1,1,1,1,1,1,1,1,1,1,80556,88200,0,0,0,0,0,0,0,0,0,0,0,0,0,0,0,0,7,5,43660,DENDSM,DENDSM
DEN,DTW,43665,1,255588,257830,0,0,0,0,0,0,0,0,0,0,0,0,0,0,0,0,1,188328,201780,0,0,0,0,0,0,0,0,0,0,0,0,0,1,1,1,1,249983,257830,0,0,0,0,0,0,0,0,0,0,0,0,1,1,1,1,7,5,43660,DENDTW,DENDTW
DEN,ELP,43665,1,84750,84750,1,1,1,1,1,1,1,1,1,1,1,1,1,1,1,1,1,101700,101700,1,1,1,1,1,1,1,1,1,1,1,1,1,1,1,1,1,84185,84750,0,1,1,1,1,1,1,1,1,1,1,1,1,1,1,1,7,5,43660,DENELP,DENELP
DEN,FAR,43665,1,112233,116622,0,0,0,0,0,0,0,0,0,0,0,0,0,0,0,0,0,0,0,0,0,0,0,0,0,0,0,0,0,0,0,0,0,0,0,1,109725,112860,0,0,0,0,0,0,0,0,0,0,0,0,1,1,1,1,7,5,43660,DENFAR,DENFAR
DEN,FLL,43665,1,313352,316758,0,1,1,1,1,1,1,1,1,1,1,1,1,1,1,1,0,0,0,0,0,0,0,0,0,0,0,0,0,0,0,0,0,0,0,1,287807,316758,0,0,0,0,0,0,0,0,0,0,0,0,0,0,1,1,7,5,43660,DENFLL,DENFLL
DEN,FSD,43665,1,71001,72450,0,0,0,0,0,0,0,0,0,0,0,0,0,0,0,0,1,53130,72450,0,0,0,0,0,0,0,0,0,0,0,0,0,0,0,0,1,69069,72450,0,0,0,0,0,0,0,0,0,0,0,0,0,0,1,1,7,5,43660,DENFSD,DENFSD
DEN,GEG,43665,0,0,0,0,0,0,0,0,0,0,0,0,0,0,0,0,0,0,0,1,193952,192280,1,1,1,1,1,1,1,1,1,1,1,1,1,1,1,1,0,0,0,0,0,0,0,0,0,0,0,0,0,0,0,0,0,0,0,7,5,43660,DENGEG,DENGEG
DEN,GRR,43665,1,165119,188418,0,0,0,0,0,0,0,0,0,0,0,0,0,0,0,0,0,0,0,0,0,0,0,0,0,0,0,0,0,0,0,0,0,0,0,1,153976,188418,0,0,0,0,0,0,0,0,0,0,0,0,0,0,1,1,7,5,43660,DENGRR,DENGRR
DEN,GSP,43665,1,196658,237522,0,0,0,0,0,0,0,0,0,0,0,0,0,0,0,0,0,0,0,0,0,0,0,0,0,0,0,0,0,0,0,0,0,0,0,1,190273,237522,0,0,0,0,0,0,0,0,0,0,0,0,0,0,0,0,7,5,43660,DENGSP,DENGSP
DEN,HRL,43665,1,180894,190092,0,0,0,0,0,0,0,0,0,0,0,0,0,0,0,0,0,0,0,0,0,0,0,0,0,0,0,0,0,0,0,0,0,0,0,1,175784,190092,0,0,0,0,0,0,0,0,0,0,0,0,0,1,1,1,7,5,43660,DENHRL,DENHRL
DEN,IAD,43665,1,233450,269700,0,0,0,0,0,0,0,0,0,0,0,0,0,0,0,0,0,0,0,0,0,0,0,0,0,0,0,0,0,0,0,0,0,0,0,1,230550,269700,0,0,0,0,0,0,0,0,0,0,0,0,0,0,0,0,7,5,43660,DENIAD,DENIAD
DEN,IAH,43665,2,282736,289632,0,2,2,2,2,2,2,2,2,2,2,2,2,2,2,2,1,132039,129450,1,1,1,1,1,1,1,1,1,1,1,1,1,1,1,1,2,265496,289632,0,0,0,0,0,0,0,1,1,1,1,2,2,2,2,2,7,5,43660,DENIAH,DENIAH
DEN,IND,43665,1,170625,181350,0,0,0,0,0,0,0,0,0,0,0,0,0,0,0,0,0,0,0,0,0,0,0,0,0,0,0,0,0,0,0,0,0,0,0,1,157950,175500,0,0,0,0,0,0,0,0,0,0,0,1,1,1,1,1,7,5,43660,DENIND,DENIND
DEN,JAN,43665,1,179676,179676,1,1,1,1,1,1,1,1,1,1,1,1,1,1,1,1,0,0,0,0,0,0,0,0,0,0,0,0,0,0,0,0,0,0,0,1,168084,179676,0,0,0,0,0,0,0,1,1,1,1,1,1,1,1,1,7,5,43660,DENJAN,DENJAN
DEN,JAX,43665,1,216900,216900,1,1,1,1,1,1,1,1,1,1,1,1,1,1,1,1,1,268956,268956,0,0,1,1,1,1,1,1,1,1,1,1,1,1,1,1,1,196656,216900,0,0,0,0,0,0,0,0,1,1,1,1,1,1,1,1,7,5,43660,DENJAX,DENJAX
DEN,LAS,43665,4,438972,518728,0,0,0,0,0,0,0,0,0,0,0,0,0,0,0,0,3,401920,405688,2,2,2,2,2,2,2,2,2,3,3,3,3,3,3,3,4,398152,514960,0,0,0,0,0,0,0,0,0,0,0,0,1,1,2,4,7,5,43660,DENLAS,DENLAS
DEN,LAX,43665,2,337512,358176,0,0,0,0,0,0,0,0,0,0,0,0,0,0,0,0,2,279288,284460,0,0,0,0,0,0,0,0,0,1,2,2,2,2,2,2,2,291018,358176,0,0,0,0,0,0,0,0,0,0,0,0,0,0,0,1,7,5,43660,DENLAX,DENLAX
DEN,LGA,43665,1,279568,300576,0,0,0,0,0,0,0,0,0,0,0,0,0,0,0,0,1,231231,291060,0,0,0,0,0,0,0,0,0,0,0,0,0,0,0,1,1,265024,290880,0,0,0,0,0,0,0,0,0,0,0,1,1,1,1,1,7,5,43660,DENLGA,DENLGA
DEN,LIT,43665,1,86897,143034,0,0,0,0,0,0,0,0,0,0,0,0,0,0,0,1,1,93170,115500,0,0,0,0,0,0,0,0,0,0,0,0,0,0,0,1,1,82283,138420,0,0,0,0,0,0,0,0,0,0,0,0,0,0,0,0,7,5,43660,DENLIT,DENLIT
DEN,MCI,43665,1,121068,122130,0,0,0,0,0,0,0,0,0,0,0,0,0,0,0,0,1,95228,95760,0,0,0,1,1,1,1,1,1,1,1,1,1,1,1,1,1,118413,122130,0,0,0,0,0,0,0,0,1,1,1,1,1,1,1,1,7,5,43660,DENMCI,DENMCI
DEN,MCO,43665,1,356895,355350,1,1,1,1,1,1,1,1,1,1,1,1,1,1,1,1,0,0,0,0,0,0,0,0,0,0,0,0,0,0,0,0,0,0,0,2,706065,710700,0,0,0,0,1,1,1,1,1,1,1,1,2,2,2,2,7,5,43660,DENMCO,DENMCO
DEN,MEM,43665,1,128037,130650,0,0,1,1,1,1,1,1,1,1,1,1,1,1,1,1,1,202072,200330,1,1,1,1,1,1,1,1,1,1,1,1,1,1,1,1,1,128037,130650,0,0,1,1,1,1,1,1,1,1,1,1,1,1,1,1,7,5,43660,DENMEM,DENMEM
DEN,MIA,43665,0,0,0,0,0,0,0,0,0,0,0,0,0,0,0,0,0,0,0,1,295830,318060,0,0,0,0,0,0,0,0,0,0,0,0,0,0,0,0,1,329837,393070,0,0,0,0,0,0,0,0,0,0,1,1,1,1,1,1,7,5,43660,DENMIA,DENMIA
DEN,MKE,43665,1,134994,134100,1,1,1,1,1,1,1,1,1,1,1,1,1,1,1,1,1,159132,160920,0,0,0,0,0,0,0,0,0,1,1,1,1,1,1,1,1,131418,134100,0,0,0,0,0,0,0,0,1,1,1,1,1,1,1,1,7,5,43660,DENMKE,DENMKE
DEN,MSN,43665,1,148320,153264,0,0,0,0,0,0,0,0,0,0,0,0,0,0,0,0,0,0,0,0,0,0,0,0,0,0,0,0,0,0,0,0,0,0,0,1,147496,153264,0,0,0,0,0,0,0,0,0,0,0,0,1,1,1,1,7,5,43660,DENMSN,DENMSN
DEN,MSO,43665,1,72653,101850,0,0,0,0,0,0,0,0,0,0,0,0,0,0,0,0,1,94381,101850,0,0,0,0,0,0,0,0,0,0,0,0,0,0,0,0,1,71295,101850,0,0,0,0,0,0,0,0,0,0,0,0,0,0,0,0,7,5,43660,DENMSO,DENMSO
DEN,MSP,43665,2,206416,248514,1,1,1,1,1,1,1,1,1,1,1,1,1,1,1,1,2,224400,224400,2,2,2,2,2,2,2,2,2,2,2,2,2,2,2,2,2,188083,252588,0,0,0,0,0,0,0,0,0,0,0,0,0,0,0,1,7,5,43660,DENMSP,DENMSP
DEN,MSY,43665,1,190098,197532,0,0,1,1,1,1,1,1,1,1,1,1,1,1,1,1,0,0,0,0,0,0,0,0,0,0,0,0,0,0,0,0,0,0,0,1,186912,197532,0,0,0,0,1,1,1,1,1,1,1,1,1,1,1,1,7,5,43660,DENMSY,DENMSY
DEN,OKC,43665,0,0,0,0,0,0,0,0,0,0,0,0,0,0,0,0,0,0,0,1,71280,89100,0,0,0,0,0,0,0,0,0,0,0,0,0,0,1,1,0,0,0,0,0,0,0,0,0,0,0,0,0,0,0,0,0,0,0,7,5,43660,DENOKC,DENOKC
DEN,OMA,43665,0,0,0,0,0,0,0,0,0,0,0,0,0,0,0,0,0,0,0,1,76773,84780,0,0,0,0,0,0,0,0,0,0,0,0,0,0,1,1,0,0,0,0,0,0,0,0,0,0,0,0,0,0,0,0,0,0,0,7,5,43660,DENOMA,DENOMA
DEN,ONT,43665,1,151330,152148,0,0,0,0,0,0,0,0,0,0,0,0,0,0,0,0,1,136773,147420,0,0,0,0,0,0,0,0,0,0,0,0,0,0,0,0,1,148876,152148,0,0,0,0,0,0,0,0,1,1,1,1,1,1,1,1,7,5,43660,DENONT,DENONT
DEN,ORD,43665,2,296810,292380,2,2,2,2,2,2,2,2,2,2,2,2,2,2,2,2,1,135711,133050,1,1,1,1,1,1,1,1,1,1,1,1,1,1,1,1,2,294152,297696,0,1,1,1,1,1,1,2,2,2,2,2,2,2,2,2,7,5,43660,DENORD,DENORD
DEN,PDX,43665,2,306900,332640,0,0,0,0,0,0,0,0,0,0,0,0,0,0,0,0,1,153605,148650,1,1,1,1,1,1,1,1,1,1,1,1,1,1,1,1,2,294030,326700,0,0,0,0,0,0,0,0,0,0,1,2,2,2,2,2,7,5,43660,DENPDX,DENPDX
DEN,PHL,43665,1,289044,289044,1,1,1,1,1,1,1,1,1,1,1,1,1,1,1,1,0,0,0,0,0,0,0,0,0,0,0,0,0,0,0,0,0,0,0,1,271950,289044,0,0,0,0,0,0,0,0,0,0,0,0,1,1,1,1,7,5,43660,DENPHL,DENPHL
DEN,PHX,43665,2,248024,250432,1,1,1,1,1,1,1,1,1,1,1,1,1,1,1,1,1,141470,138460,1,1,1,1,1,1,1,1,1,1,1,1,1,1,1,1,2,245616,246820,0,1,1,1,1,2,2,2,2,2,2,2,2,2,2,2,7,5,43660,DENPHX,DENPHX
DEN,PVD,43665,0,0,0,0,0,0,0,0,0,0,0,0,0,0,0,0,0,0,0,1,317871,323082,0,0,0,0,0,0,0,0,0,0,0,0,0,0,0,0,0,0,0,0,0,0,0,0,0,0,0,0,0,0,0,0,0,0,0,7,5,43660,DENPVD,DENPVD
DEN,PWM,43665,1,320760,320760,1,1,1,1,1,1,1,1,1,1,1,1,1,1,1,1,0,0,0,0,0,0,0,0,0,0,0,0,0,0,0,0,0,0,0,1,315414,331452,0,0,0,0,0,0,0,1,1,1,1,1,1,1,1,1,7,5,43660,DENPWM,DENPWM
DEN,RDU,43665,1,248082,258120,0,0,0,0,0,0,0,0,0,0,0,0,0,0,0,0,0,0,0,0,0,0,0,0,0,0,0,0,0,0,0,0,0,0,0,1,245214,266724,0,0,0,0,0,0,0,0,0,0,0,0,0,1,1,1,7,5,43660,DENRDU,DENRDU
DEN,RNO,43665,0,0,0,0,0,0,0,0,0,0,0,0,0,0,0,0,0,0,0,1,144540,149358,0,0,0,0,0,0,0,0,1,1,1,1,1,1,1,1,0,0,0,0,0,0,0,0,0,0,0,0,0,0,0,0,0,0,0,7,5,43660,DENRNO,DENRNO
DEN,SAN,43665,2,266136,286608,0,0,0,0,0,0,0,0,0,0,0,0,0,0,0,0,2,388968,392380,1,1,1,1,1,1,1,1,1,1,2,2,2,2,2,2,2,257606,286608,0,0,0,0,0,0,0,0,0,1,1,1,1,1,1,1,7,5,43660,DENSAN,DENSAN
DEN,SAT,43665,1,132765,143100,0,0,0,0,0,0,0,0,0,0,0,0,0,0,0,0,0,0,0,0,0,0,0,0,0,0,0,0,0,0,0,0,0,0,0,1,128790,147870,0,0,0,0,0,0,0,0,0,0,0,0,0,0,1,1,7,5,43660,DENSAT,DENSAT
DEN,SAV,43665,1,254160,262632,0,0,0,0,0,0,0,0,0,0,0,0,0,0,0,0,1,229068,263004,0,0,0,0,0,0,0,0,0,0,0,0,0,0,0,1,1,248512,262632,0,0,0,0,0,0,0,0,0,0,0,0,1,1,1,1,7,5,43660,DENSAV,DENSAV
DEN,SDF,43665,1,189906,189906,1,1,1,1,1,1,1,1,1,1,1,1,1,1,1,1,1,174762,190092,0,0,0,0,0,0,0,0,0,0,0,0,0,0,0,0,1,185822,189906,0,0,0,0,0,1,1,1,1,1,1,1,1,1,1,1,7,5,43660,DENSDF,DENSDF
DEN,SEA,43665,2,424545,425568,1,1,1,1,1,1,1,1,1,1,1,1,1,1,1,1,2,430080,419840,2,2,2,2,2,2,2,2,2,2,2,2,2,2,2,2,2,399993,425568,0,0,0,0,0,0,1,1,1,1,1,2,2,2,2,2,7,5,43660,DENSEA,DENSEA
DEN,SFO,43665,2,269514,353556,0,0,0,0,0,0,0,0,0,0,0,0,0,0,0,0,2,362250,367080,1,1,1,1,1,1,1,1,1,1,1,1,1,1,1,1,2,249228,359352,0,0,0,0,0,0,0,0,0,0,0,0,0,0,0,0,7,5,43660,DENSFO,DENSFO
DEN,SJC,43665,1,174248,217810,0,0,0,0,0,0,0,0,0,0,0,0,0,0,0,0,1,176142,170460,1,1,1,1,1,1,1,1,1,1,1,1,1,1,1,1,1,164778,217810,0,0,0,0,0,0,0,0,0,0,0,0,0,0,0,0,7,5,43660,DENSJC,DENSJC
DEN,SLC,43665,3,180180,230100,0,0,0,0,0,0,0,0,0,0,0,0,0,0,0,0,4,265200,304980,0,0,0,0,0,0,0,0,2,2,2,2,2,2,2,2,3,174330,232440,0,0,0,0,0,0,0,0,0,0,0,0,0,0,0,1,7,5,43660,DENSLC,DENSLC
DEN,SMF,43665,1,154360,168888,0,0,0,0,0,0,0,0,0,0,0,0,0,0,0,0,0,0,0,0,0,0,0,0,0,0,0,0,0,0,0,0,0,0,0,1,146188,168888,0,0,0,0,0,0,0,0,0,0,0,0,0,0,0,0,7,5,43660,DENSMF,DENSMF
DEN,SNA,43665,1,152100,152100,1,1,1,1,1,1,1,1,1,1,1,1,1,1,1,1,2,285102,309636,1,1,1,1,1,1,1,1,1,1,1,1,1,1,1,1,1,150410,152100,0,0,0,0,0,0,0,0,0,1,1,1,1,1,1,1,7,5,43660,DENSNA,DENSNA
DEN,STL,43665,2,205056,285696,0,0,0,0,0,0,0,0,0,0,0,0,0,0,0,0,1,177639,176870,1,1,1,1,1,1,1,1,1,1,1,1,1,1,1,1,2,194304,285696,0,0,0,0,0,0,0,0,0,0,0,0,0,0,0,1,7,5,43660,DENSTL,DENSTL
DEN,SYR,43665,1,229614,223650,1,1,1,1,1,1,1,1,1,1,1,1,1,1,1,1,1,249164,268560,0,0,0,0,0,0,0,0,0,0,0,1,1,1,1,1,1,219177,223650,0,0,0,0,0,0,0,0,0,0,1,1,1,1,1,1,7,5,43660,DENSYR,DENSYR
DEN,TPA,43665,2,527100,560232,0,1,1,1,1,1,1,1,2,2,2,2,2,2,2,2,1,226050,226050,1,1,1,1,1,1,1,1,1,1,1,1,1,1,1,1,2,469872,551196,0,0,0,0,0,0,0,0,0,0,1,2,2,2,2,2,7,5,43660,DENTPA,DENTPA
DEN,TUL,43665,1,81000,81000,1,1,1,1,1,1,1,1,1,1,1,1,1,1,1,1,0,0,0,0,0,0,0,0,0,0,0,0,0,0,0,0,0,0,0,1,78300,81000,0,0,0,0,0,0,0,0,0,1,1,1,1,1,1,1,7,5,43660,DENTUL,DENTUL
DEN,TYS,43665,1,203350,216132,0,0,0,0,0,0,0,0,0,0,0,0,0,0,0,0,1,185600,215760,0,0,0,0,0,0,0,0,0,0,0,0,0,0,0,1,1,204512,216132,0,0,0,0,0,0,0,0,0,0,0,0,0,0,1,1,7,5,43660,DENTYS,DENTYS
DFW,CVG,43665,1,151032,151032,1,1,1,1,1,1,1,1,1,1,1,1,1,1,1,1,0,0,0,0,0,0,0,0,0,0,0,0,0,0,0,0,0,0,0,1,148596,151032,0,0,0,0,0,1,1,1,1,1,1,1,1,1,1,1,7,5,43660,CVGDFW,DFWCVG
DFW,DEN,43665,2,238824,238824,2,2,2,2,2,2,2,2,2,2,2,2,2,2,2,2,1,96300,96300,1,1,1,1,1,1,1,1,1,1,1,1,1,1,1,1,2,238824,238824,2,2,2,2,2,2,2,2,2,2,2,2,2,2,2,2,7,5,43660,DENDFW,DFWDEN
DFW,LAS,43665,1,184800,190080,0,0,0,0,0,0,0,0,0,0,0,0,0,0,0,0,0,0,0,0,0,0,0,0,0,0,0,0,0,0,0,0,0,0,0,1,182688,190080,0,0,0,0,0,0,0,1,1,1,1,1,1,1,1,1,7,5,43660,DFWLAS,DFWLAS
DFW,MCO,43665,1,174974,176940,0,0,0,0,0,0,0,0,0,0,0,0,0,0,0,0,0,0,0,0,0,0,0,0,0,0,0,0,0,0,0,0,0,0,0,1,176940,176940,1,1,1,1,1,1,1,1,1,1,1,1,1,1,1,1,7,5,43660,DFWMCO,DFWMCO
DSM,DEN,43665,1,85848,88200,0,0,0,0,0,0,0,0,0,0,0,0,0,0,0,0,1,104664,105840,0,0,0,1,1,1,1,1,1,1,1,1,1,1,1,1,1,84084,88200,0,0,0,0,0,0,0,0,0,0,1,1,1,1,1,1,7,5,43660,DENDSM,DSMDEN
DTW,AUS,43665,1,144270,212970,0,0,0,0,0,0,0,0,0,0,0,0,0,0,0,0,0,0,0,0,0,0,0,0,0,0,0,0,0,0,0,0,0,0,0,1,136255,212970,0,0,0,0,0,0,0,0,0,0,0,0,0,0,0,0,7,5,43660,AUSDTW,DTWAUS
DTW,DEN,43665,1,244378,257830,0,0,0,0,0,0,0,0,0,0,0,0,0,0,0,0,1,202901,201780,1,1,1,1,1,1,1,1,1,1,1,1,1,1,1,1,1,236531,257830,0,0,0,0,0,0,0,0,0,0,0,0,0,0,0,0,7,5,43660,DENDTW,DTWDEN
DTW,LAS,43665,1,302750,325500,0,0,0,0,0,0,0,0,0,0,0,0,0,0,0,0,0,0,0,0,0,0,0,0,0,0,0,0,0,0,0,0,0,0,0,1,266000,325500,0,0,0,0,0,0,0,0,0,0,0,0,1,1,1,1,7,5,43660,DTWLAS,DTWLAS
DTW,MCO,43665,1,176860,177816,0,0,0,0,0,0,0,0,0,0,0,0,0,0,0,0,1,193920,220800,0,0,0,0,0,0,0,0,0,0,0,0,0,0,1,1,1,174948,177816,0,0,0,0,0,0,0,0,0,0,1,1,1,1,1,1,7,5,43660,DTWMCO,DTWMCO
DTW,RDU,43665,1,92184,93186,0,0,0,0,0,0,0,0,0,0,0,0,0,0,0,0,0,0,0,0,0,0,0,0,0,0,0,0,0,0,0,0,0,0,0,1,89679,93186,0,0,0,0,0,0,0,0,0,0,0,0,0,0,1,1,7,5,43660,DTWRDU,DTWRDU
DTW,TTN,43665,0,0,0,0,0,0,0,0,0,0,0,0,0,0,0,0,0,0,0,1,75469,83340,0,0,0,0,0,0,0,0,0,0,0,0,0,0,1,1,0,0,0,0,0,0,0,0,0,0,0,0,0,0,0,0,0,0,0,7,5,43660,DTWTTN,DTWTTN
ELP,DEN,43665,1,84750,84750,1,1,1,1,1,1,1,1,1,1,1,1,1,1,1,1,1,101700,101700,1,1,1,1,1,1,1,1,1,1,1,1,1,1,1,1,1,83620,84750,0,0,0,0,0,1,1,1,1,1,1,1,1,1,1,1,7,5,43660,DENELP,ELPDEN
ELP,ORD,43665,0,0,0,0,0,0,0,0,0,0,0,0,0,0,0,0,0,0,0,0,0,0,0,0,0,0,0,0,0,0,0,0,0,0,0,0,0,0,1,226371,230082,0,0,1,1,1,1,1,1,1,1,1,1,1,1,1,1,7,5,43660,ELPORD,ELPORD
FAR,DEN,43665,1,110352,116622,0,0,0,0,0,0,0,0,0,0,0,0,0,0,0,0,0,0,0,0,0,0,0,0,0,0,0,0,0,0,0,0,0,0,0,1,108471,112860,0,0,0,0,1,1,1,1,1,1,1,1,1,1,1,1,7,5,43660,DENFAR,FARDEN
FLL,DEN,43665,1,303134,316758,0,0,0,0,0,0,0,0,0,0,0,0,0,0,0,0,0,0,0,0,0,0,0,0,0,0,0,0,0,0,0,0,0,0,0,1,296322,306540,0,1,1,1,1,1,1,1,1,1,1,1,1,1,1,1,7,5,43660,DENFLL,FLLDEN
FLL,ISP,43665,1,251390,251390,1,1,1,1,1,1,1,1,1,1,1,1,1,1,1,1,0,0,0,0,0,0,0,0,0,0,0,0,0,0,0,0,0,0,0,1,249204,251390,0,0,0,0,0,0,0,0,0,0,0,0,1,1,1,1,7,5,43660,FLLISP,FLLISP
FLL,TTN,43665,1,183833,184860,0,0,0,0,0,0,0,0,0,0,0,0,0,0,0,0,0,0,0,0,0,0,0,0,0,0,0,0,0,0,0,0,0,0,0,1,182806,184860,0,0,1,1,1,1,1,1,1,1,1,1,1,1,1,1,7,5,43660,FLLTTN,FLLTTN
FSD,DEN,43665,1,72450,72450,1,1,1,1,1,1,1,1,1,1,1,1,1,1,1,1,1,71484,72450,0,0,0,1,1,1,1,1,1,1,1,1,1,1,1,1,1,67137,72450,0,0,0,0,0,0,0,0,0,1,1,1,1,1,1,1,7,5,43660,DENFSD,FSDDEN
GEG,DEN,43665,0,0,0,0,0,0,0,0,0,0,0,0,0,0,0,0,0,0,0,1,144628,192280,0,0,0,0,0,0,0,0,0,0,0,0,0,0,0,0,0,0,0,0,0,0,0,0,0,0,0,0,0,0,0,0,0,0,0,7,5,43660,DENGEG,GEGDEN
GRR,DEN,43665,1,165119,188418,0,0,0,0,0,0,0,0,0,0,0,0,0,0,0,0,0,0,0,0,0,0,0,0,0,0,0,0,0,0,0,0,0,0,0,1,156002,182340,0,0,0,0,0,0,0,0,0,0,0,0,1,1,1,1,7,5,43660,DENGRR,GRRDEN
GRR,MCO,43665,1,191114,190092,1,1,1,1,1,1,1,1,1,1,1,1,1,1,1,1,0,0,0,0,0,0,0,0,0,0,0,0,0,0,0,0,0,0,0,1,170674,190092,0,0,0,0,0,0,0,0,0,0,0,0,0,0,1,1,7,5,43660,GRRMCO,GRRMCO
GRR,PHL,43665,0,0,0,0,0,0,0,0,0,0,0,0,0,0,0,0,0,0,0,1,91680,106578,0,0,0,0,0,0,0,0,0,0,0,0,0,0,0,1,0,0,0,0,0,0,0,0,0,0,0,0,0,0,0,0,0,0,0,7,5,43660,GRRPHL,GRRPHL
GSP,DEN,43665,1,199212,237522,0,0,0,0,0,0,0,0,0,0,0,0,0,0,0,0,0,0,0,0,0,0,0,0,0,0,0,0,0,0,0,0,0,0,0,1,197935,237522,0,0,0,0,0,0,0,0,0,0,0,0,0,0,0,1,7,5,43660,DENGSP,GSPDEN
GSP,LAS,43665,1,335031,344286,0,0,0,0,0,0,0,0,0,0,0,0,0,0,0,0,0,0,0,0,0,0,0,0,0,0,0,0,0,0,0,0,0,0,0,1,312819,344286,0,0,0,0,0,0,0,0,0,0,0,0,0,1,1,1,7,5,43660,GSPLAS,GSPLAS
GSP,MCO,43665,1,75990,80460,0,0,0,0,0,0,0,0,0,0,0,0,0,0,0,0,0,0,0,0,0,0,0,0,0,0,0,0,0,0,0,0,0,0,0,1,72414,83142,0,0,0,0,0,0,0,0,0,0,0,0,0,0,0,0,7,5,43660,GSPMCO,GSPMCO
HRL,DEN,43665,1,191114,190092,1,1,1,1,1,1,1,1,1,1,1,1,1,1,1,1,0,0,0,0,0,0,0,0,0,0,0,0,0,0,0,0,0,0,0,1,190092,190092,1,1,1,1,1,1,1,1,1,1,1,1,1,1,1,1,7,5,43660,DENHRL,HRLDEN
HRL,ORD,43665,1,227664,227664,1,1,1,1,1,1,1,1,1,1,1,1,1,1,1,1,0,0,0,0,0,0,0,0,0,0,0,0,0,0,0,0,0,0,0,1,223992,227664,0,0,0,0,0,0,0,0,1,1,1,1,1,1,1,1,7,5,43660,HRLORD,HRLORD
IAD,COS,43665,0,0,0,0,0,0,0,0,0,0,0,0,0,0,0,0,0,0,0,1,200431,219450,0,0,0,0,0,0,0,0,0,0,0,0,0,0,1,1,0,0,0,0,0,0,0,0,0,0,0,0,0,0,0,0,0,0,0,7,5,43660,COSIAD,IADCOS
IAD,DEN,43665,1,271150,269700,1,1,1,1,1,1,1,1,1,1,1,1,1,1,1,1,1,269700,261000,1,1,1,1,1,1,1,1,1,1,1,1,1,1,1,1,1,269700,269700,1,1,1,1,1,1,1,1,1,1,1,1,1,1,1,1,7,5,43660,DENIAD,IADDEN
IAD,LAS,43665,0,0,0,0,0,0,0,0,0,0,0,0,0,0,0,0,0,0,0,1,375466,371340,1,1,1,1,1,1,1,1,1,1,1,1,1,1,1,1,0,0,0,0,0,0,0,0,0,0,0,0,0,0,0,0,0,0,0,7,5,43660,IADLAS,IADLAS
IAD,SAT,43665,1,246522,245160,1,1,1,1,1,1,1,1,1,1,1,1,1,1,1,1,1,202938,204300,0,0,0,0,0,0,0,0,0,0,0,0,0,0,0,1,1,249246,253332,0,0,0,0,0,0,0,0,0,1,1,1,1,1,1,1,7,5,43660,IADSAT,IADSAT
IAH,DEN,43665,2,322388,320664,2,2,2,2,2,2,2,2,2,2,2,2,2,2,2,2,1,156203,160518,0,0,0,0,0,0,0,0,0,0,0,0,0,0,0,0,2,315492,320664,1,1,1,1,1,1,1,1,2,2,2,2,2,2,2,2,7,5,43660,DENIAH,IAHDEN
IAH,PHL,43665,1,247775,246450,1,1,1,1,1,1,1,1,1,1,1,1,1,1,1,1,1,240968,246264,0,0,0,0,0,0,0,1,1,1,1,1,1,1,1,1,1,238500,246450,0,0,0,0,0,0,0,0,0,0,1,1,1,1,1,1,7,5,43660,IAHPHL,IAHPHL
IAH,RDU,43665,1,193812,193812,1,1,1,1,1,1,1,1,1,1,1,1,1,1,1,1,0,0,0,0,0,0,0,0,0,0,0,0,0,0,0,0,0,0,0,1,193812,193812,1,1,1,1,1,1,1,1,1,1,1,1,1,1,1,1,7,5,43660,IAHRDU,IAHRDU
IND,AUS,43665,0,0,0,0,0,0,0,0,0,0,0,0,0,0,0,0,0,0,0,1,117760,171120,0,0,0,0,0,0,0,0,0,0,0,0,0,0,0,0,0,0,0,0,0,0,0,0,0,0,0,0,0,0,0,0,0,0,0,7,5,43660,AUSIND,INDAUS
IND,DEN,43665,1,165750,181350,0,0,0,0,0,0,0,0,0,0,0,0,0,0,0,0,0,0,0,0,0,0,0,0,0,0,0,0,0,0,0,0,0,0,0,1,156975,175500,0,0,0,0,0,0,0,0,0,0,1,1,1,1,1,1,7,5,43660,DENIND,INDDEN
IND,LAS,43665,0,0,0,0,0,0,0,0,0,0,0,0,0,0,0,0,0,0,0,1,297330,295740,0,0,0,0,0,0,0,0,0,0,0,0,0,0,0,0,0,0,0,0,0,0,0,0,0,0,0,0,0,0,0,0,0,0,0,7,5,43660,INDLAS,INDLAS
IND,MCO,43665,1,190070,190900,0,0,0,0,0,0,0,0,0,0,0,0,0,0,0,0,1,154566,154566,1,1,1,1,1,1,1,1,1,1,1,1,1,1,1,1,1,189240,190900,0,0,1,1,1,1,1,1,1,1,1,1,1,1,1,1,7,5,43660,INDMCO,INDMCO
IND,PHL,43665,0,0,0,0,0,0,0,0,0,0,0,0,0,0,0,0,0,0,0,1,92159,109182,0,0,0,0,0,0,0,0,0,0,0,0,0,0,0,0,0,0,0,0,0,0,0,0,0,0,0,0,0,0,0,0,0,0,0,7,5,43660,INDPHL,INDPHL
ISP,ATL,43665,1,147684,142920,1,1,1,1,1,1,1,1,1,1,1,1,1,1,1,1,1,149648,148056,1,1,1,1,1,1,1,1,1,1,1,1,1,1,1,1,1,142126,147684,0,0,0,0,0,0,0,1,1,1,1,1,1,1,1,1,7,5,43660,ATLISP,ISPATL
ISP,FLL,43665,1,252483,251390,1,1,1,1,1,1,1,1,1,1,1,1,1,1,1,1,0,0,0,0,0,0,0,0,0,0,0,0,0,0,0,0,0,0,0,1,251390,251390,1,1,1,1,1,1,1,1,1,1,1,1,1,1,1,1,7,5,43660,FLLISP,ISPFLL
ISP,MCO,43665,1,223330,223330,1,1,1,1,1,1,1,1,1,1,1,1,1,1,1,1,1,225272,223330,1,1,1,1,1,1,1,1,1,1,1,1,1,1,1,1,1,210707,223330,0,0,0,0,0,0,0,0,0,0,0,0,1,1,1,1,7,5,43660,ISPMCO,ISPMCO
ISP,MYR,43665,1,119544,134780,0,0,0,0,0,0,0,0,0,0,0,0,0,0,0,0,0,0,0,0,0,0,0,0,0,0,0,0,0,0,0,0,0,0,0,1,113684,134780,0,0,0,0,0,0,0,0,0,0,0,0,0,0,0,0,7,5,43660,ISPMYR,ISPMYR
ISP,ORD,43665,0,0,0,0,0,0,0,0,0,0,0,0,0,0,0,0,0,0,0,1,150735,143778,1,1,1,1,1,1,1,1,1,1,1,1,1,1,1,1,0,0,0,0,0,0,0,0,0,0,0,0,0,0,0,0,0,0,0,7,5,43660,ISPORD,ISPORD
ISP,PBI,43665,0,0,0,0,0,0,0,0,0,0,0,0,0,0,0,0,0,0,0,1,233544,241960,0,0,0,0,0,1,1,1,1,1,1,1,1,1,1,1,0,0,0,0,0,0,0,0,0,0,0,0,0,0,0,0,0,0,0,7,5,43660,ISPPBI,ISPPBI
ISP,SJU,43665,0,0,0,0,0,0,0,0,0,0,0,0,0,0,0,0,0,0,0,1,284266,297042,0,0,0,0,0,0,0,0,0,0,0,0,0,0,0,0,0,0,0,0,0,0,0,0,0,0,0,0,0,0,0,0,0,0,0,7,5,43660,ISPSJU,ISPSJU
ISP,TPA,43665,0,0,0,0,0,0,0,0,0,0,0,0,0,0,0,0,0,0,0,1,238854,237820,0,0,0,0,0,0,0,0,0,0,0,0,0,0,0,0,0,0,0,0,0,0,0,0,0,0,0,0,0,0,0,0,0,0,0,7,5,43660,ISPTPA,ISPTPA
JAN,DEN,43665,1,175812,179676,0,0,0,0,0,0,0,0,0,0,0,0,0,0,0,0,0,0,0,0,0,0,0,0,0,0,0,0,0,0,0,0,0,0,0,1,175812,179676,0,0,0,0,0,0,0,0,0,0,0,0,1,1,1,1,7,5,43660,DENJAN,JANDEN
JAN,MCO,43665,1,106066,108996,0,0,0,0,0,0,0,0,0,0,0,0,0,0,0,0,0,0,0,0,0,0,0,0,0,0,0,0,0,0,0,0,0,0,0,1,95518,108996,0,0,0,0,0,0,0,0,0,0,0,0,0,0,1,1,7,5,43660,JANMCO,JANMCO
JAX,DEN,43665,1,218346,216900,1,1,1,1,1,1,1,1,1,1,1,1,1,1,1,1,1,271848,268956,1,1,1,1,1,1,1,1,1,1,1,1,1,1,1,1,1,203886,216900,0,0,0,0,0,0,0,0,0,0,1,1,1,1,1,1,7,5,43660,DENJAX,JAXDEN
JAX,LAS,43665,1,351914,365676,0,0,0,0,0,0,0,0,0,0,0,0,0,0,0,0,0,0,0,0,0,0,0,0,0,0,0,0,0,0,0,0,0,0,0,1,342084,353880,0,0,0,0,0,0,0,0,0,1,1,1,1,1,1,1,7,5,43660,JAXLAS,JAXLAS
JAX,PHL,43665,1,115908,138198,0,0,0,0,0,0,0,0,0,0,0,0,0,0,0,0,1,138012,138012,1,1,1,1,1,1,1,1,1,1,1,1,1,1,1,1,1,109964,133740,0,0,0,0,0,0,0,0,0,0,0,0,0,0,0,0,7,5,43660,JAXPHL,JAXPHL
LAS,ATL,43665,1,323380,314640,1,1,1,1,1,1,1,1,1,1,1,1,1,1,1,1,0,0,0,0,0,0,0,0,0,0,0,0,0,0,0,0,0,0,0,1,325128,325128,1,1,1,1,1,1,1,1,1,1,1,1,1,1,1,1,7,5,43660,ATLLAS,LASATL
LAS,AUS,43665,1,192222,195480,0,0,0,0,0,0,0,0,0,0,0,0,0,0,0,0,1,204732,196020,1,1,1,1,1,1,1,1,1,1,1,1,1,1,1,1,1,181362,195480,0,0,0,0,0,0,0,0,0,0,0,0,1,1,1,1,7,5,43660,AUSLAS,LASAUS
LAS,BNA,43665,1,281076,295368,0,0,0,0,0,0,0,0,0,0,0,0,0,0,0,0,0,0,0,0,0,0,0,0,0,0,0,0,0,0,0,0,0,0,0,1,281076,285840,0,0,0,0,0,0,1,1,1,1,1,1,1,1,1,1,7,5,43660,BNALAS,LASBNA
LAS,CLE,43665,1,406975,419750,0,0,0,0,0,0,0,0,0,0,0,0,0,0,0,0,1,353662,419290,0,0,0,0,0,0,0,0,0,0,0,0,0,0,0,0,1,377775,419750,0,0,0,0,0,0,0,0,0,0,0,0,0,1,1,1,7,5,43660,CLELAS,LASCLE
LAS,CLT,43665,1,343143,356562,0,0,0,0,0,0,0,0,0,0,0,0,0,0,0,0,0,0,0,0,0,0,0,0,0,0,0,0,0,0,0,0,0,0,0,1,322056,356562,0,0,0,0,0,0,0,0,0,0,0,0,0,0,1,1,7,5,43660,CLTLAS,LASCLT
LAS,COS,43665,2,173635,225060,0,0,0,0,0,0,0,0,0,0,0,0,0,0,0,0,1,100724,110856,0,0,0,0,0,0,0,0,0,0,0,0,0,0,0,0,2,170610,225060,0,0,0,0,0,0,0,0,0,0,0,0,0,0,0,0,7,5,43660,COSLAS,LASCOS
LAS,CVG,43665,1,221628,302220,0,0,0,0,0,0,0,0,0,0,0,0,0,0,0,0,1,311736,311736,1,1,1,1,1,1,1,1,1,1,1,1,1,1,1,1,1,219949,302220,0,0,0,0,0,0,0,0,0,0,0,0,0,0,0,0,7,5,43660,CVGLAS,LASCVG
LAS,DEN,43665,4,476024,550128,2,2,2,2,2,2,2,2,2,2,2,2,2,2,2,2,3,346656,401920,0,0,0,0,0,0,0,0,0,0,2,2,2,2,2,2,4,423900,550128,0,0,0,0,0,0,0,0,0,0,0,0,1,1,2,3,7,5,43660,DENLAS,LASDEN
LAS,DFW,43665,1,193248,190080,1,1,1,1,1,1,1,1,1,1,1,1,1,1,1,1,0,0,0,0,0,0,0,0,0,0,0,0,0,0,0,0,0,0,0,1,181632,190080,0,0,0,0,0,0,0,0,0,0,0,0,1,1,1,1,7,5,43660,DFWLAS,LASDFW
LAS,DTW,43665,1,325500,325500,1,1,1,1,1,1,1,1,1,1,1,1,1,1,1,1,0,0,0,0,0,0,0,0,0,0,0,0,0,0,0,0,0,0,0,1,325500,325500,1,1,1,1,1,1,1,1,1,1,1,1,1,1,1,1,7,5,43660,DTWLAS,LASDTW
LAS,GSP,43665,1,277650,333180,0,0,0,0,0,0,0,0,0,0,0,0,0,0,0,0,0,0,0,0,0,0,0,0,0,0,0,0,0,0,0,0,0,0,0,1,268395,344286,0,0,0,0,0,0,0,0,0,0,0,0,0,0,0,0,7,5,43660,GSPLAS,LASGSP
LAS,IAD,43665,0,0,0,0,0,0,0,0,0,0,0,0,0,0,0,0,0,0,0,1,338332,383718,0,0,0,0,0,0,0,0,0,0,0,0,0,0,1,1,0,0,0,0,0,0,0,0,0,0,0,0,0,0,0,0,0,0,0,7,5,43660,IADLAS,LASIAD
LAS,IND,43665,0,0,0,0,0,0,0,0,0,0,0,0,0,0,0,0,0,0,0,1,259170,295740,0,0,0,0,0,0,0,0,0,0,0,0,0,0,0,0,0,0,0,0,0,0,0,0,0,0,0,0,0,0,0,0,0,0,0,7,5,43660,INDLAS,LASIND
LAS,JAX,43665,1,290968,365676,0,0,0,0,0,0,0,0,0,0,0,0,0,0,0,0,0,0,0,0,0,0,0,0,0,0,0,0,0,0,0,0,0,0,0,1,290968,353880,0,0,0,0,0,0,0,0,0,0,0,0,0,0,0,1,7,5,43660,JAXLAS,LASJAX
LAS,MCO,43665,1,362764,366840,0,0,0,0,0,0,0,0,0,0,0,0,0,0,0,0,1,372771,366660,1,1,1,1,1,1,1,1,1,1,1,1,1,1,1,1,1,348498,366840,0,0,0,0,0,0,0,0,0,0,1,1,1,1,1,1,7,5,43660,LASMCO,LASMCO
LAS,MKE,43665,0,0,0,0,0,0,0,0,0,0,0,0,0,0,0,0,0,0,0,1,273960,283092,0,0,1,1,1,1,1,1,1,1,1,1,1,1,1,1,0,0,0,0,0,0,0,0,0,0,0,0,0,0,0,0,0,0,0,7,5,43660,LASMKE,LASMKE
LAS,ORD,43665,1,346935,348450,0,0,0,0,0,0,0,0,0,0,0,0,0,0,0,0,1,349503,347990,0,0,0,1,1,1,1,1,1,1,1,1,1,1,1,1,1,339360,348450,0,0,0,0,0,0,0,1,1,1,1,1,1,1,1,1,7,5,43660,LASORD,LASORD
LAS,PHL,43665,1,402930,392040,1,1,1,1,1,1,1,1,1,1,1,1,1,1,1,1,0,0,0,0,0,0,0,0,0,0,0,0,0,0,0,0,0,0,0,1,402930,405108,0,0,0,0,0,1,1,1,1,1,1,1,1,1,1,1,7,5,43660,LASPHL,LASPHL
LAS,RDU,43665,1,370941,377022,0,0,0,0,0,0,0,0,0,0,0,0,0,0,0,0,1,316056,364680,0,0,0,0,0,0,0,0,0,0,0,0,0,0,0,0,1,348644,377022,0,0,0,0,0,0,0,0,0,0,0,0,1,1,1,1,7,5,43660,LASRDU,LASRDU
LAS,SAN,43665,1,47472,46440,1,1,1,1,1,1,1,1,1,1,1,1,1,1,1,1,0,0,0,0,0,0,0,0,0,0,0,0,0,0,0,0,0,0,0,1,47730,47988,0,0,0,0,0,0,0,0,0,0,0,1,1,1,1,1,7,5,43660,LASSAN,LASSAN
LAS,SAT,43665,1,197765,192420,1,1,1,1,1,1,1,1,1,1,1,1,1,1,1,1,0,0,0,0,0,0,0,0,0,0,0,0,0,0,0,0,0,0,0,1,196696,198834,0,0,0,0,0,0,0,0,0,1,1,1,1,1,1,1,7,5,43660,LASSAT,LASSAT
LAS,SFO,43665,1,76590,77004,0,0,0,0,0,0,0,0,0,0,0,0,0,0,0,0,0,0,0,0,0,0,0,0,0,0,0,0,0,0,0,0,0,0,0,1,75762,77004,0,0,0,0,0,0,0,0,0,0,1,1,1,1,1,1,7,5,43660,LASSFO,LASSFO
LAS,SJC,43665,1,70840,71610,0,0,0,0,0,0,0,0,0,0,0,0,0,0,0,0,1,71595,71982,0,0,0,1,1,1,1,1,1,1,1,1,1,1,1,1,1,68145,71610,0,0,0,0,0,0,0,0,0,0,0,0,1,1,1,1,7,5,43660,LASSJC,LASSJC
LAS,SMF,43665,1,71063,73842,0,0,0,0,0,0,0,0,0,0,0,0,0,0,0,0,0,0,0,0,0,0,0,0,0,0,0,0,0,0,0,0,0,0,0,1,65108,71460,0,0,0,0,0,0,0,0,0,0,0,0,0,0,1,1,7,5,43660,LASSMF,LASSMF
LAS,STL,43665,1,316470,315100,1,1,1,1,1,1,1,1,1,1,1,1,1,1,1,1,0,0,0,0,0,0,0,0,0,0,0,0,0,0,0,0,0,0,0,1,297290,315100,0,0,0,0,0,0,0,0,0,0,0,0,0,1,1,1,7,5,43660,LASSTL,LASSTL
LAS,TPA,43665,1,363255,357300,1,1,1,1,1,1,1,1,1,1,1,1,1,1,1,1,1,267840,369024,0,0,0,0,0,0,0,0,0,0,0,0,0,0,0,0,1,353330,369210,0,0,0,0,0,0,0,0,0,1,1,1,1,1,1,1,7,5,43660,LASTPA,LASTPA
LAX,CVG,43665,1,330600,353400,0,0,0,0,0,0,0,0,0,0,0,0,0,0,0,0,1,339384,341280,0,0,0,0,0,0,0,0,0,0,0,0,0,0,0,0,1,321100,353400,0,0,0,0,0,0,0,0,0,0,0,0,1,1,1,1,7,5,43660,CVGLAX,LAXCVG
LAX,DEN,43665,2,359898,358176,2,2,2,2,2,2,2,2,2,2,2,2,2,2,2,2,2,290494,289632,1,1,2,2,2,2,2,2,2,2,2,2,2,2,2,2,2,338373,358176,1,1,1,1,1,1,1,1,1,1,1,1,1,1,2,2,7,5,43660,DENLAX,LAXDEN
LGA,ATL,43665,1,136800,141360,0,0,1,1,1,1,1,1,1,1,1,1,1,1,1,1,1,138684,137160,1,1,1,1,1,1,1,1,1,1,1,1,1,1,1,1,1,136800,136800,1,1,1,1,1,1,1,1,1,1,1,1,1,1,1,1,7,5,43660,ATLLGA,LGAATL
LGA,CVG,43665,1,108225,108810,0,0,0,0,0,0,0,0,0,0,0,0,0,0,0,0,1,109980,108810,1,1,1,1,1,1,1,1,1,1,1,1,1,1,1,1,1,107640,108810,0,0,0,0,0,0,0,0,1,1,1,1,1,1,1,1,7,5,43660,CVGLGA,LGACVG
LGA,DEN,43665,1,300576,300576,1,1,1,1,1,1,1,1,1,1,1,1,1,1,1,1,1,303996,300762,1,1,1,1,1,1,1,1,1,1,1,1,1,1,1,1,1,300576,300576,1,1,1,1,1,1,1,1,1,1,1,1,1,1,1,1,7,5,43660,DENLGA,LGADEN
LIT,DEN,43665,1,133037,143034,0,0,0,0,0,0,0,0,0,0,0,0,0,0,0,0,1,115500,115500,1,1,1,1,1,1,1,1,1,1,1,1,1,1,1,1,1,129961,138420,0,0,0,0,0,0,0,0,0,0,0,0,0,0,0,0,7,5,43660,DENLIT,LITDEN
MCI,DEN,43665,1,122661,122130,1,1,1,1,1,1,1,1,1,1,1,1,1,1,1,1,1,95760,95760,1,1,1,1,1,1,1,1,1,1,1,1,1,1,1,1,1,122130,122130,1,1,1,1,1,1,1,1,1,1,1,1,1,1,1,1,7,5,43660,DENMCI,MCIDEN
MCI,RDU,43665,0,0,0,0,0,0,0,0,0,0,0,0,0,0,0,0,0,0,0,1,140868,162540,0,0,0,0,0,0,0,0,0,0,0,0,0,0,0,1,0,0,0,0,0,0,0,0,0,0,0,0,0,0,0,0,0,0,0,7,5,43660,MCIRDU,MCIRDU
MCO,ATL,43665,1,92058,92460,0,0,0,0,0,0,0,0,0,0,0,0,0,0,0,0,1,93324,92920,0,0,1,1,1,1,1,1,1,1,1,1,1,1,1,1,1,90048,92460,0,0,0,0,0,0,1,1,1,1,1,1,1,1,1,1,7,5,43660,ATLMCO,MCOATL
MCO,AUS,43665,1,176115,185070,0,0,0,0,0,0,0,0,0,0,0,0,0,0,0,0,1,141856,148800,0,0,0,0,0,0,0,0,0,0,0,0,1,1,1,1,1,153230,185070,0,0,0,0,0,0,0,0,0,0,0,0,0,1,1,1,7,5,43660,AUSMCO,MCOAUS
MCO,BDL,43665,1,193016,195114,0,0,0,0,0,0,0,0,0,0,0,0,0,0,0,0,0,0,0,0,0,0,0,0,0,0,0,0,0,0,0,0,0,0,0,1,179379,195114,0,0,0,0,0,0,0,0,0,0,0,0,0,0,0,1,7,5,43660,BDLMCO,MCOBDL
MCO,BHM,43665,0,0,0,0,0,0,0,0,0,0,0,0,0,0,0,0,0,0,0,1,86699,86220,1,1,1,1,1,1,1,1,1,1,1,1,1,1,1,1,0,0,0,0,0,0,0,0,0,0,0,0,0,0,0,0,0,0,0,7,5,43660,BHMMCO,MCOBHM
MCO,BNA,43665,1,141450,141450,1,1,1,1,1,1,1,1,1,1,1,1,1,1,1,1,0,0,0,0,0,0,0,0,0,0,0,0,0,0,0,0,0,0,0,1,139605,141450,0,0,0,0,0,0,0,1,1,1,1,1,1,1,1,1,7,5,43660,BNAMCO,MCOBNA
MCO,BOS,43665,1,204022,208506,0,0,0,0,0,0,0,0,0,0,0,0,0,0,0,0,0,0,0,0,0,0,0,0,0,0,0,0,0,0,0,0,0,0,0,1,197296,201780,0,0,0,0,0,0,0,0,0,0,0,0,1,1,1,1,7,5,43660,BOSMCO,MCOBOS
MCO,BUF,43665,1,220971,232070,0,0,0,0,0,0,0,0,0,0,0,0,0,0,0,0,1,150639,151650,0,0,1,1,1,1,1,1,1,1,1,1,1,1,1,1,1,215926,232070,0,0,0,0,0,0,0,0,0,0,0,0,0,1,1,1,7,5,43660,BUFMCO,MCOBUF
MCO,CLE,43665,2,318264,371904,0,0,0,0,0,0,0,0,0,0,0,0,0,0,0,0,2,385242,413080,0,0,0,0,0,0,0,0,0,0,0,0,0,0,0,0,2,312900,371904,0,0,0,0,0,0,0,0,0,0,0,0,0,0,0,1,7,5,43660,CLEMCO,MCOCLE
MCO,CLT,43665,1,75654,86862,0,0,0,0,0,0,0,0,0,0,0,0,0,0,0,0,1,101640,106260,0,0,0,0,0,0,0,0,0,0,0,1,1,1,1,1,1,70984,84060,0,0,0,0,0,0,0,0,0,0,0,0,0,0,1,1,7,5,43660,CLTMCO,MCOCLT
MCO,CMH,43665,1,174618,184230,0,0,0,0,0,0,0,0,0,0,0,0,0,0,0,0,0,0,0,0,0,0,0,0,0,0,0,0,0,0,0,0,0,0,0,1,171414,184230,0,0,0,0,0,0,0,0,0,0,0,0,0,0,0,0,7,5,43660,CMHMCO,MCOCMH
MCO,COS,43665,1,248952,282348,0,0,0,0,0,0,0,0,0,0,0,0,0,0,0,0,1,276640,273600,1,1,1,1,1,1,1,1,1,1,1,1,1,1,1,1,1,248952,282348,0,0,0,0,0,0,0,0,0,0,0,0,0,0,0,1,7,5,43660,COSMCO,MCOCOS
MCO,CVG,43665,1,139675,140430,0,0,0,0,0,0,0,0,0,0,0,0,0,0,0,0,1,173052,174570,0,0,0,0,0,0,0,0,0,0,0,0,0,0,0,1,1,135900,140430,0,0,0,0,0,0,0,0,0,1,1,1,1,1,1,1,7,5,43660,CVGMCO,MCOCVG
MCO,DEN,43665,2,702975,710700,1,1,1,1,1,1,1,2,2,2,2,2,2,2,2,2,1,356895,355350,0,0,0,0,0,0,0,0,0,0,0,0,0,0,0,0,2,662805,710700,0,0,0,0,0,0,0,1,1,1,1,1,1,2,2,2,7,5,43660,DENMCO,MCODEN
MCO,DFW,43665,1,176940,176940,1,1,1,1,1,1,1,1,1,1,1,1,1,1,1,1,0,0,0,0,0,0,0,0,0,0,0,0,0,0,0,0,0,0,0,1,176940,176940,1,1,1,1,1,1,1,1,1,1,1,1,1,1,1,1,7,5,43660,DFWMCO,MCODFW
MCO,DTW,43665,1,165388,177816,0,0,0,0,0,0,0,0,0,0,0,0,0,0,0,0,1,191040,220800,0,0,0,0,0,0,0,0,0,0,0,0,0,0,1,1,1,160608,177816,0,0,0,0,0,0,0,0,0,0,0,0,0,1,1,1,7,5,43660,DTWMCO,MCODTW
MCO,GRR,43665,1,144102,190092,0,0,0,0,0,0,0,0,0,0,0,0,0,0,0,0,0,0,0,0,0,0,0,0,0,0,0,0,0,0,0,0,0,0,0,1,138992,183960,0,0,0,0,0,0,0,0,0,0,0,0,0,0,0,0,7,5,43660,GRRMCO,MCOGRR
MCO,GSP,43665,1,45594,83142,0,0,0,0,0,0,0,0,0,0,0,0,0,0,0,0,0,0,0,0,0,0,0,0,0,0,0,0,0,0,0,0,0,0,0,1,42912,83142,0,0,0,0,0,0,0,0,0,0,0,0,0,0,0,0,7,5,43660,GSPMCO,MCOGSP
MCO,IND,43665,1,190900,190900,1,1,1,1,1,1,1,1,1,1,1,1,1,1,1,1,1,155397,154566,1,1,1,1,1,1,1,1,1,1,1,1,1,1,1,1,1,190900,190900,1,1,1,1,1,1,1,1,1,1,1,1,1,1,1,1,7,5,43660,INDMCO,MCOIND
MCO,ISP,43665,1,214591,223330,0,0,0,0,0,0,0,0,0,0,1,1,1,1,1,1,0,0,0,0,0,0,0,0,0,0,0,0,0,0,0,0,0,0,0,1,200997,223330,0,0,0,0,0,0,0,0,0,0,0,0,1,1,1,1,7,5,43660,ISPMCO,MCOISP
MCO,JAN,43665,1,109582,108996,1,1,1,1,1,1,1,1,1,1,1,1,1,1,1,1,0,0,0,0,0,0,0,0,0,0,0,0,0,0,0,0,0,0,0,1,108996,108996,1,1,1,1,1,1,1,1,1,1,1,1,1,1,1,1,7,5,43660,JANMCO,MCOJAN
MCO,LAS,43665,1,336270,379068,0,0,0,0,0,0,0,0,0,0,0,0,0,0,0,0,1,309624,378882,0,0,0,0,0,0,0,0,0,0,0,0,0,0,1,1,1,313852,379068,0,0,0,0,0,0,0,0,0,0,0,0,0,0,0,1,7,5,43660,LASMCO,MCOLAS
MCO,MEM,43665,0,0,0,0,0,0,0,0,0,0,0,0,0,0,0,0,0,0,0,1,155952,157320,0,0,0,0,0,0,0,0,0,0,0,0,0,0,0,1,0,0,0,0,0,0,0,0,0,0,0,0,0,0,0,0,0,0,0,7,5,43660,MCOMEM,MCOMEM
MCO,MKE,43665,1,199903,198834,1,1,1,1,1,1,1,1,1,1,1,1,1,1,1,1,1,226628,245870,0,0,0,0,0,0,0,0,0,0,0,1,1,1,1,1,1,199903,198834,1,1,1,1,1,1,1,1,1,1,1,1,1,1,1,1,7,5,43660,MCOMKE,MCOMKE
MCO,MSP,43665,1,213204,235440,0,0,0,0,0,0,0,0,0,0,0,0,0,0,0,0,0,0,0,0,0,0,0,0,0,0,0,0,0,0,0,0,0,0,0,1,194892,243288,0,0,0,0,0,0,0,0,0,0,0,0,0,0,0,0,7,5,43660,MCOMSP,MCOMSP
MCO,MSY,43665,1,102300,102300,1,1,1,1,1,1,1,1,1,1,1,1,1,1,1,1,1,100626,100626,1,1,1,1,1,1,1,1,1,1,1,1,1,1,1,1,1,102300,102300,1,1,1,1,1,1,1,1,1,1,1,1,1,1,1,1,7,5,43660,MCOMSY,MCOMSY
MCO,OKC,43665,0,0,0,0,0,0,0,0,0,0,0,0,0,0,0,0,0,0,0,1,180492,198648,0,0,0,0,0,0,0,0,0,0,0,0,0,0,0,1,0,0,0,0,0,0,0,0,0,0,0,0,0,0,0,0,0,0,0,7,5,43660,MCOOKC,MCOOKC
MCO,OMA,43665,0,0,0,0,0,0,0,0,0,0,0,0,0,0,0,0,0,0,0,1,215558,217980,0,0,0,0,0,0,0,0,0,0,1,1,1,1,1,1,0,0,0,0,0,0,0,0,0,0,0,0,0,0,0,0,0,0,0,7,5,43660,MCOOMA,MCOOMA
MCO,ONT,43665,1,397110,403620,0,0,0,0,0,0,0,0,0,0,0,0,0,0,0,0,0,0,0,0,0,0,0,0,0,0,0,0,0,0,0,0,0,0,0,1,373240,390600,0,0,0,0,0,0,0,0,0,0,1,1,1,1,1,1,7,5,43660,MCOONT,MCOONT
MCO,ORD,43665,1,232696,230690,1,1,1,1,1,1,1,1,1,1,1,1,1,1,1,1,1,228589,231610,0,0,0,1,1,1,1,1,1,1,1,1,1,1,1,1,1,228684,230690,0,0,0,1,1,1,1,1,1,1,1,1,1,1,1,1,7,5,43660,MCOORD,MCOORD
MCO,PHL,43665,4,752514,754236,2,2,2,2,2,2,2,2,2,2,2,2,2,2,2,2,3,533952,596160,0,0,0,0,0,0,0,0,0,1,1,1,1,1,3,3,4,648333,754236,0,0,0,0,0,0,0,0,0,0,0,0,0,1,2,3,7,5,43660,MCOPHL,MCOPHL
MCO,PVD,43665,1,182240,199392,0,0,0,0,0,0,0,0,0,0,0,0,0,0,0,0,1,195104,192960,1,1,1,1,1,1,1,1,1,1,1,1,1,1,1,1,1,175808,199392,0,0,0,0,0,0,0,0,0,0,0,0,0,0,1,1,7,5,43660,MCOPVD,MCOPVD
MCO,RDU,43665,1,109265,122590,0,0,0,0,0,0,0,0,0,0,0,0,0,0,0,0,0,0,0,0,0,0,0,0,0,0,0,0,0,0,0,0,0,0,0,1,103935,122590,0,0,0,0,0,0,0,0,0,0,0,0,0,0,0,0,7,5,43660,MCORDU,MCORDU
MCO,SAN,43665,1,375725,399342,0,0,0,0,0,0,0,0,0,0,0,0,0,0,0,0,0,0,0,0,0,0,0,0,0,0,0,0,0,0,0,0,0,0,0,1,364990,399342,0,0,0,0,0,0,0,0,0,0,0,0,0,0,1,1,7,5,43660,MCOSAN,MCOSAN
MCO,SJU,43665,2,545020,547400,1,1,1,1,1,1,1,1,1,1,1,1,1,1,1,1,1,274659,273470,0,0,1,1,1,1,1,1,1,1,1,1,1,1,1,1,2,527170,547400,0,0,0,0,0,0,0,0,0,0,0,0,0,1,1,2,7,5,43660,MCOSJU,MCOSJU
MCO,STL,43665,1,193158,202860,0,0,0,0,0,0,0,0,0,0,0,0,0,0,0,0,1,201978,202860,0,0,0,0,0,0,0,0,0,0,0,0,0,0,0,1,1,189630,202860,0,0,0,0,0,0,0,0,0,0,0,0,0,0,1,1,7,5,43660,MCOSTL,MCOSTL
MCO,TTN,43665,1,160384,161280,0,0,0,0,0,0,0,0,0,0,0,0,0,0,0,0,1,164517,167214,0,0,0,0,0,0,0,0,0,1,1,1,1,1,1,1,1,157696,161280,0,0,0,0,0,0,0,0,0,0,0,0,0,1,1,1,7,5,43660,MCOTTN,MCOTTN
MEM,DEN,43665,1,130650,130650,1,1,1,1,1,1,1,1,1,1,1,1,1,1,1,1,1,202072,200330,1,1,1,1,1,1,1,1,1,1,1,1,1,1,1,1,1,129779,130650,0,0,0,0,0,0,0,0,0,0,0,0,0,1,1,1,7,5,43660,DENMEM,MEMDEN
MEM,MCO,43665,0,0,0,0,0,0,0,0,0,0,0,0,0,0,0,0,0,0,0,1,158688,157320,1,1,1,1,1,1,1,1,1,1,1,1,1,1,1,1,0,0,0,0,0,0,0,0,0,0,0,0,0,0,0,0,0,0,0,7,5,43660,MCOMEM,MEMMCO
MEM,PHL,43665,1,148750,201250,0,0,0,0,0,0,0,0,0,0,0,0,0,0,0,0,0,0,0,0,0,0,0,0,0,0,0,0,0,0,0,0,0,0,0,1,140875,201250,0,0,0,0,0,0,0,0,0,0,0,0,0,0,0,0,7,5,43660,MEMPHL,MEMPHL
MIA,DEN,43665,1,393070,393070,1,1,1,1,1,1,1,1,1,1,1,1,1,1,1,1,1,318060,318060,1,1,1,1,1,1,1,1,1,1,1,1,1,1,1,1,1,391361,393070,0,1,1,1,1,1,1,1,1,1,1,1,1,1,1,1,7,5,43660,DENMIA,MIADEN
MIA,PHL,43665,1,170352,188604,0,0,0,0,0,0,0,0,0,0,0,0,0,0,0,0,0,0,0,0,0,0,0,0,0,0,0,0,0,0,0,0,0,0,0,1,165282,188604,0,0,0,0,0,0,0,0,0,0,0,0,0,0,0,1,7,5,43660,MIAPHL,MIAPHL
MIA,SJU,43665,0,0,0,0,0,0,0,0,0,0,0,0,0,0,0,0,0,0,0,1,118198,194556,0,0,0,0,0,0,0,0,0,0,0,0,0,0,0,0,0,0,0,0,0,0,0,0,0,0,0,0,0,0,0,0,0,0,0,7,5,43660,MIASJU,MIASJU
MKE,DEN,43665,1,134100,134100,1,1,1,1,1,1,1,1,1,1,1,1,1,1,1,1,1,162708,160920,1,1,1,1,1,1,1,1,1,1,1,1,1,1,1,1,1,118008,134100,0,0,0,0,0,0,0,0,0,0,0,0,0,0,1,1,7,5,43660,DENMKE,MKEDEN
MKE,LAS,43665,0,0,0,0,0,0,0,0,0,0,0,0,0,0,0,0,0,0,0,1,273960,283092,0,0,1,1,1,1,1,1,1,1,1,1,1,1,1,1,0,0,0,0,0,0,0,0,0,0,0,0,0,0,0,0,0,0,0,7,5,43660,LASMKE,MKELAS
MKE,MCO,43665,1,199903,198834,1,1,1,1,1,1,1,1,1,1,1,1,1,1,1,1,1,187075,245870,0,0,0,0,0,0,0,0,0,0,0,0,0,0,0,1,1,168902,198834,0,0,0,0,0,0,0,0,0,0,0,0,0,0,0,1,7,5,43660,MCOMKE,MKEMCO
MKE,PHL,43665,0,0,0,0,0,0,0,0,0,0,0,0,0,0,0,0,0,0,0,1,124020,128154,0,0,0,1,1,1,1,1,1,1,1,1,1,1,1,1,0,0,0,0,0,0,0,0,0,0,0,0,0,0,0,0,0,0,0,7,5,43660,MKEPHL,MKEPHL
MSN,DEN,43665,1,140080,153264,0,0,0,0,0,0,0,0,0,0,0,0,0,0,0,0,0,0,0,0,0,0,0,0,0,0,0,0,0,0,0,0,0,0,0,1,137608,153264,0,0,0,0,0,0,0,0,0,0,0,0,0,0,0,1,7,5,43660,DENMSN,MSNDEN
MSN,PHL,43665,1,97792,142104,0,0,0,0,0,0,0,0,0,0,0,0,0,0,0,0,0,0,0,0,0,0,0,0,0,0,0,0,0,0,0,0,0,0,0,1,87860,142104,0,0,0,0,0,0,0,0,0,0,0,0,0,0,0,0,7,5,43660,MSNPHL,MSNPHL
MSO,DEN,43665,1,90986,101850,0,0,0,0,0,0,0,0,0,0,0,0,0,0,0,0,1,69258,101850,0,0,0,0,0,0,0,0,0,0,0,0,0,0,0,0,1,88949,101850,0,0,0,0,0,0,0,0,0,0,0,0,0,0,0,0,7,5,43660,DENMSO,MSODEN
MSP,AUS,43665,1,127305,192510,0,0,0,0,0,0,0,0,0,0,0,0,0,0,0,0,1,154216,193812,0,0,0,0,0,0,0,0,0,0,0,0,0,0,0,1,1,123165,192510,0,0,0,0,0,0,0,0,0,0,0,0,0,0,0,0,7,5,43660,AUSMSP,MSPAUS
MSP,CLE,43665,1,105118,115692,0,0,0,0,0,0,0,0,0,0,0,0,0,0,0,0,0,0,0,0,0,0,0,0,0,0,0,0,0,0,0,0,0,0,0,1,102630,115692,0,0,0,0,0,0,0,0,0,0,0,0,0,0,0,0,7,5,43660,CLEMSP,MSPCLE
MSP,CVG,43665,0,0,0,0,0,0,0,0,0,0,0,0,0,0,0,0,0,0,0,1,66156,89400,0,0,0,0,0,0,0,0,0,0,0,0,0,0,0,0,0,0,0,0,0,0,0,0,0,0,0,0,0,0,0,0,0,0,0,7,5,43660,CVGMSP,MSPCVG
MSP,DEN,43665,2,241724,248514,1,1,1,1,1,1,1,1,1,1,1,1,1,1,1,1,2,224400,228480,1,1,1,1,1,1,1,1,1,1,2,2,2,2,2,2,2,215243,252588,0,0,0,0,0,0,0,0,0,0,0,1,1,1,1,1,7,5,43660,DENMSP,MSPDEN
MSP,MCO,43665,1,243288,243288,1,1,1,1,1,1,1,1,1,1,1,1,1,1,1,1,0,0,0,0,0,0,0,0,0,0,0,0,0,0,0,0,0,0,0,1,232824,243288,0,0,0,0,0,0,0,0,0,0,1,1,1,1,1,1,7,5,43660,MCOMSP,MSPMCO
MSP,RDU,43665,0,0,0,0,0,0,0,0,0,0,0,0,0,0,0,0,0,0,0,1,124460,176400,0,0,0,0,0,0,0,0,0,0,0,0,0,0,0,0,0,0,0,0,0,0,0,0,0,0,0,0,0,0,0,0,0,0,0,7,5,43660,MSPRDU,MSPRDU
MSP,TTN,43665,1,101764,183768,0,0,0,0,0,0,0,0,0,0,0,0,0,0,0,0,0,0,0,0,0,0,0,0,0,0,0,0,0,0,0,0,0,0,0,1,86944,183768,0,0,0,0,0,0,0,0,0,0,0,0,0,0,0,0,7,5,43660,MSPTTN,MSPTTN
MSY,DEN,43665,1,197532,197532,1,1,1,1,1,1,1,1,1,1,1,1,1,1,1,1,0,0,0,0,0,0,0,0,0,0,0,0,0,0,0,0,0,0,0,1,187974,197532,0,0,0,0,0,0,0,0,0,0,0,0,0,0,1,1,7,5,43660,DENMSY,MSYDEN
MSY,MCO,43665,1,102300,102300,1,1,1,1,1,1,1,1,1,1,1,1,1,1,1,1,1,96298,100626,0,0,0,0,0,0,0,0,0,0,0,0,0,0,0,0,1,102300,102300,1,1,1,1,1,1,1,1,1,1,1,1,1,1,1,1,7,5,43660,MCOMSY,MSYMCO
MSY,PHL,43665,0,0,0,0,0,0,0,0,0,0,0,0,0,0,0,0,0,0,0,1,210102,249090,0,0,0,0,0,0,0,0,0,0,0,0,0,0,0,1,0,0,0,0,0,0,0,0,0,0,0,0,0,0,0,0,0,0,0,7,5,43660,MSYPHL,MSYPHL
MSY,RDU,43665,1,135720,145080,0,0,0,0,0,0,0,0,0,0,0,0,0,0,0,0,1,118560,140400,0,0,0,0,0,0,0,0,0,0,0,0,0,0,1,1,1,132600,145080,0,0,0,0,0,0,0,0,0,0,0,0,0,0,0,0,7,5,43660,MSYRDU,MSYRDU
MSY,SAT,43665,1,83980,88920,0,0,0,0,0,0,0,0,0,0,0,0,0,0,0,0,1,91575,92070,0,0,0,0,0,0,0,0,0,0,0,0,0,0,0,1,1,82498,91884,0,0,0,0,0,0,0,0,0,0,0,0,0,0,0,0,7,5,43660,MSYSAT,MSYSAT
MYR,ISP,43665,1,121302,134780,0,0,0,0,0,0,0,0,0,0,0,0,0,0,0,0,0,0,0,0,0,0,0,0,0,0,0,0,0,0,0,0,0,0,0,1,110168,134780,0,0,0,0,0,0,0,0,0,0,0,0,0,0,0,0,7,5,43660,ISPMYR,MYRISP
MYR,TTN,43665,0,0,0,0,0,0,0,0,0,0,0,0,0,0,0,0,0,0,0,1,77877,94674,0,0,0,0,0,0,0,0,0,0,0,0,0,0,0,0,0,0,0,0,0,0,0,0,0,0,0,0,0,0,0,0,0,0,0,7,5,43660,MYRTTN,MYRTTN
OKC,DEN,43665,0,0,0,0,0,0,0,0,0,0,0,0,0,0,0,0,0,0,0,1,89100,89100,1,1,1,1,1,1,1,1,1,1,1,1,1,1,1,1,0,0,0,0,0,0,0,0,0,0,0,0,0,0,0,0,0,0,0,7,5,43660,DENOKC,OKCDEN
OKC,MCO,43665,0,0,0,0,0,0,0,0,0,0,0,0,0,0,0,0,0,0,0,1,192240,192240,1,1,1,1,1,1,1,1,1,1,1,1,1,1,1,1,0,0,0,0,0,0,0,0,0,0,0,0,0,0,0,0,0,0,0,7,5,43660,MCOOKC,OKCMCO
OKC,SAN,43665,0,0,0,0,0,0,0,0,0,0,0,0,0,0,0,0,0,0,0,1,157765,211110,0,0,0,0,0,0,0,0,0,0,0,0,0,0,0,0,0,0,0,0,0,0,0,0,0,0,0,0,0,0,0,0,0,0,0,7,5,43660,OKCSAN,OKCSAN
OMA,AUS,43665,0,0,0,0,0,0,0,0,0,0,0,0,0,0,0,0,0,0,0,1,88350,116250,0,0,0,0,0,0,0,0,0,0,0,0,0,0,0,0,0,0,0,0,0,0,0,0,0,0,0,0,0,0,0,0,0,0,0,7,5,43660,AUSOMA,OMAAUS
OMA,DEN,43665,0,0,0,0,0,0,0,0,0,0,0,0,0,0,0,0,0,0,0,1,86664,84780,1,1,1,1,1,1,1,1,1,1,1,1,1,1,1,1,0,0,0,0,0,0,0,0,0,0,0,0,0,0,0,0,0,0,0,7,5,43660,DENOMA,OMADEN
OMA,MCO,43665,0,0,0,0,0,0,0,0,0,0,0,0,0,0,0,0,0,0,0,1,227668,217980,1,1,1,1,1,1,1,1,1,1,1,1,1,1,1,1,0,0,0,0,0,0,0,0,0,0,0,0,0,0,0,0,0,0,0,7,5,43660,MCOOMA,OMAMCO
OMA,PHL,43665,1,188964,195480,0,0,0,0,0,0,0,0,0,0,0,0,0,0,0,0,1,199824,195480,1,1,1,1,1,1,1,1,1,1,1,1,1,1,1,1,1,183534,201996,0,0,0,0,0,0,0,0,0,0,0,0,0,0,0,0,7,5,43660,OMAPHL,OMAPHL
OMA,SFO,43665,0,0,0,0,0,0,0,0,0,0,0,0,0,0,0,0,0,0,0,1,264735,257580,1,1,1,1,1,1,1,1,1,1,1,1,1,1,1,1,0,0,0,0,0,0,0,0,0,0,0,0,0,0,0,0,0,0,0,7,5,43660,OMASFO,OMASFO
ONT,AUS,43665,0,0,0,0,0,0,0,0,0,0,0,0,0,0,0,0,0,0,0,1,190323,222642,0,0,0,0,0,0,0,0,0,0,0,0,0,0,0,0,0,0,0,0,0,0,0,0,0,0,0,0,0,0,0,0,0,0,0,7,5,43660,AUSONT,ONTAUS
ONT,DEN,43665,1,116156,152148,0,0,0,0,0,0,0,0,0,0,0,0,0,0,0,0,1,153972,152334,1,1,1,1,1,1,1,1,1,1,1,1,1,1,1,1,1,100614,147240,0,0,0,0,0,0,0,0,0,0,0,0,0,0,0,0,7,5,43660,DENONT,ONTDEN
ONT,MCO,43665,1,401450,403620,0,0,0,0,0,0,0,0,0,0,0,0,0,0,0,0,0,0,0,0,0,0,0,0,0,0,0,0,0,0,0,0,0,0,0,1,386260,403620,0,0,0,0,0,0,0,0,0,0,1,1,1,1,1,1,7,5,43660,MCOONT,ONTMCO
ONT,SAT,43665,1,218229,210060,1,1,1,1,1,1,1,1,1,1,1,1,1,1,1,1,0,0,0,0,0,0,0,0,0,0,0,0,0,0,0,0,0,0,0,1,217062,217062,1,1,1,1,1,1,1,1,1,1,1,1,1,1,1,1,7,5,43660,ONTSAT,ONTSAT
ORD,CHS,43665,0,0,0,0,0,0,0,0,0,0,0,0,0,0,0,0,0,0,0,1,89037,114150,0,0,0,0,0,0,0,0,0,0,0,0,0,0,0,0,0,0,0,0,0,0,0,0,0,0,0,0,0,0,0,0,0,0,0,7,5,43660,CHSORD,ORDCHS
ORD,COS,43665,0,0,0,0,0,0,0,0,0,0,0,0,0,0,0,0,0,0,0,1,170357,169446,1,1,1,1,1,1,1,1,1,1,1,1,1,1,1,1,0,0,0,0,0,0,0,0,0,0,0,0,0,0,0,0,0,0,0,7,5,43660,COSORD,ORDCOS
ORD,DEN,43665,2,297696,292380,2,2,2,2,2,2,2,2,2,2,2,2,2,2,2,2,1,135711,133050,1,1,1,1,1,1,1,1,1,1,1,1,1,1,1,1,2,293266,297696,0,0,0,1,1,1,1,1,1,2,2,2,2,2,2,2,7,5,43660,DENORD,ORDDEN
ORD,HRL,43665,1,226440,227664,0,0,0,0,0,0,0,0,0,0,0,0,0,0,0,0,0,0,0,0,0,0,0,0,0,0,0,0,0,0,0,0,0,0,0,1,223992,227664,0,0,0,0,0,0,0,1,1,1,1,1,1,1,1,1,7,5,43660,HRLORD,ORDHRL
ORD,ISP,43665,0,0,0,0,0,0,0,0,0,0,0,0,0,0,0,0,0,0,0,1,112085,143778,0,0,0,0,0,0,0,0,0,0,0,0,0,0,0,0,0,0,0,0,0,0,0,0,0,0,0,0,0,0,0,0,0,0,0,7,5,43660,ISPORD,ORDISP
ORD,LAS,43665,1,352995,348450,1,1,1,1,1,1,1,1,1,1,1,1,1,1,1,1,1,347990,347990,0,0,0,1,1,1,1,1,1,1,1,1,1,1,1,1,1,280275,348450,0,0,0,0,0,0,0,0,0,0,0,0,0,0,0,1,7,5,43660,LASORD,ORDLAS
ORD,MCO,43665,1,230690,230690,1,1,1,1,1,1,1,1,1,1,1,1,1,1,1,1,1,231610,231610,1,1,1,1,1,1,1,1,1,1,1,1,1,1,1,1,1,228684,230690,0,1,1,1,1,1,1,1,1,1,1,1,1,1,1,1,7,5,43660,MCOORD,ORDMCO
ORD,PHX,43665,1,262080,267840,0,0,0,0,0,0,0,0,0,0,0,0,0,0,0,0,1,267654,267654,1,1,1,1,1,1,1,1,1,1,1,1,1,1,1,1,1,257760,259200,0,0,0,0,0,0,0,0,0,1,1,1,1,1,1,1,7,5,43660,ORDPHX,ORDPHX
ORD,PNS,43665,1,146280,143100,1,1,1,1,1,1,1,1,1,1,1,1,1,1,1,1,0,0,0,0,0,0,0,0,0,0,0,0,0,0,0,0,0,0,0,1,135150,147870,0,0,0,0,0,0,0,0,0,0,0,0,0,0,1,1,7,5,43660,ORDPNS,ORDPNS
ORD,PUJ,43665,1,275220,368280,1,1,1,1,1,1,1,1,1,1,1,1,1,1,1,1,1,77415,369210,0,0,0,0,0,0,0,0,0,0,0,0,0,0,0,0,1,271260,368280,1,1,1,1,1,1,1,1,1,1,1,1,1,1,1,1,7,5,43660,ORDPUJ,ORDPUJ
ORD,TTN,43665,1,128712,128712,1,1,1,1,1,1,1,1,1,1,1,1,1,1,1,1,1,130096,128712,1,1,1,1,1,1,1,1,1,1,1,1,1,1,1,1,1,112796,128712,0,0,0,0,0,0,0,0,0,0,0,0,0,0,0,0,7,5,43660,ORDTTN,ORDTTN
org,dest,departuredate,Count,RPMS,ASMS,Ycls,Bcls,Hcls,Vcls,Lcls,Ucls,Ecls,Dcls,Mcls,Qcls,Tcls,Gcls,Wcls,Rcls,Zcls,Kcls,Pre_Count_x,Pre_RPMS_x,Pre_ASMS_x,Pre_Ycls_x,Pre_Bcls_x,Pre_Hcls_x,Pre_Vcls_x,Pre_Lcls_x,Pre_Ucls_x,Pre_Ecls_x,Pre_Dcls_x,Pre_Mcls_x,Pre_Qcls_x,Pre_Tcls_x,Pre_Gcls_x,Pre_Wcls_x,Pre_Rcls_x,Pre_Zcls_x,Pre_Kcls_x,Pre_Count_y,Pre_RPMS_y,Pre_ASMS_y,Pre_Ycls_y,Pre_Bcls_y,Pre_Hcls_y,Pre_Vcls_y,Pre_Lcls_y,Pre_Ucls_y,Pre_Ecls_y,Pre_Dcls_y,Pre_Mcls_y,Pre_Qcls_y,Pre_Tcls_y,Pre_Gcls_y,Pre_Wcls_y,Pre_Rcls_y,Pre_Zcls_y,Pre_Kcls_y,Month,DOW,Week,AlphaMkt,DirMkt
PBI,ISP,43665,0,0,0,0,0,0,0,0,0,0,0,0,0,0,0,0,0,0,0,1,238804,241960,0,0,0,0,0,0,0,0,0,0,0,0,0,0,0,0,0,0,0,0,0,0,0,0,0,0,0,0,0,0,0,0,0,0,0,7,5,43660,ISPPBI,PBIISP
PBI,TTN,43665,0,0,0,0,0,0,0,0,0,0,0,0,0,0,0,0,0,0,0,1,174876,183768,0,0,0,0,0,0,0,0,0,0,0,1,1,1,1,1,0,0,0,0,0,0,0,0,0,0,0,0,0,0,0,0,0,0,0,7,5,43660,PBITTN,PBITTN
PDX,DEN,43665,2,315810,326700,1,1,1,1,1,1,1,1,1,1,1,1,1,1,1,1,1,152614,148650,1,1,1,1,1,1,1,1,1,1,1,1,1,1,1,1,2,304920,326700,0,0,0,0,0,0,0,0,0,0,0,0,1,1,2,2,7,5,43660,DENPDX,PDXDEN
PHL,AUS,43665,1,260078,257220,1,1,1,1,1,1,1,1,1,1,1,1,1,1,1,1,1,268276,265422,1,1,1,1,1,1,1,1,1,1,1,1,1,1,1,1,1,207205,265794,0,0,0,0,0,0,0,0,0,0,0,0,0,0,0,0,7,5,43660,AUSPHL,PHLAUS
PHL,BNA,43665,1,117624,125736,0,0,0,0,0,0,0,0,0,0,0,0,0,0,0,0,1,121500,125550,0,0,0,0,0,0,0,0,0,0,1,1,1,1,1,1,1,114920,121680,0,0,0,0,0,0,0,0,0,0,0,0,0,1,1,1,7,5,43660,BNAPHL,PHLBNA
PHL,CLT,43665,1,82616,83514,0,0,0,0,0,0,0,0,0,0,0,0,0,0,0,0,1,81088,80640,0,0,0,1,1,1,1,1,1,1,1,1,1,1,1,1,1,73187,80820,0,0,0,0,0,0,0,0,0,0,0,0,0,1,1,1,7,5,43660,CLTPHL,PHLCLT
PHL,CUN,43665,0,0,0,0,0,0,0,0,0,0,0,0,0,0,0,0,0,0,0,1,244352,338560,0,0,0,0,0,0,0,0,0,0,0,0,0,0,0,0,0,0,0,0,0,0,0,0,0,0,0,0,0,0,0,0,0,0,0,7,5,43660,CUNPHL,PHLCUN
PHL,CVG,43665,0,0,0,0,0,0,0,0,0,0,0,0,0,0,0,0,0,0,0,1,109005,116610,0,0,0,0,0,0,0,0,0,0,0,0,0,0,0,0,0,0,0,0,0,0,0,0,0,0,0,0,0,0,0,0,0,0,0,7,5,43660,CVGPHL,PHLCVG
PHL,DEN,43665,1,279720,289044,0,0,0,0,0,0,0,0,0,0,0,0,0,0,0,0,1,292340,289230,1,1,1,1,1,1,1,1,1,1,1,1,1,1,1,1,1,278166,279720,0,0,0,0,1,1,1,1,1,1,1,1,1,1,1,1,7,5,43660,DENPHL,PHLDEN
PHL,GRR,43665,0,0,0,0,0,0,0,0,0,0,0,0,0,0,0,0,0,0,0,1,88815,106578,0,0,0,0,0,0,0,0,0,0,0,0,0,0,0,1,0,0,0,0,0,0,0,0,0,0,0,0,0,0,0,0,0,0,0,7,5,43660,GRRPHL,PHLGRR
PHL,IAH,43665,1,246450,246450,1,1,1,1,1,1,1,1,1,1,1,1,1,1,1,1,1,246264,246264,1,1,1,1,1,1,1,1,1,1,1,1,1,1,1,1,1,246450,246450,1,1,1,1,1,1,1,1,1,1,1,1,1,1,1,1,7,5,43660,IAHPHL,PHLIAH
PHL,IND,43665,0,0,0,0,0,0,0,0,0,0,0,0,0,0,0,0,0,0,0,1,109182,109182,1,1,1,1,1,1,1,1,1,1,1,1,1,1,1,1,0,0,0,0,0,0,0,0,0,0,0,0,0,0,0,0,0,0,0,7,5,43660,INDPHL,PHLIND
PHL,JAX,43665,1,133740,138198,0,0,0,0,0,0,0,0,0,0,0,0,0,0,0,0,1,138012,138012,1,1,1,1,1,1,1,1,1,1,1,1,1,1,1,1,1,119623,133740,0,0,0,0,0,0,0,0,0,0,0,0,0,0,0,1,7,5,43660,JAXPHL,PHLJAX
PHL,LAS,43665,1,237402,405108,0,0,0,0,0,0,0,0,0,0,0,0,0,0,0,0,0,0,0,0,0,0,0,0,0,0,0,0,0,0,0,0,0,0,0,1,191664,405108,0,0,0,0,0,0,0,0,0,0,0,0,0,0,0,0,7,5,43660,LASPHL,PHLLAS
PHL,MCO,43665,4,755958,754236,3,3,3,3,3,3,3,3,3,3,3,3,3,3,3,3,3,596160,596160,2,2,3,3,3,3,3,3,3,3,3,3,3,3,3,3,4,714630,754236,0,0,0,0,0,0,0,0,0,0,0,0,0,0,3,4,7,5,43660,MCOPHL,PHLMCO
PHL,MEM,43665,1,201250,201250,1,1,1,1,1,1,1,1,1,1,1,1,1,1,1,1,0,0,0,0,0,0,0,0,0,0,0,0,0,0,0,0,0,0,0,1,191625,201250,0,0,0,0,0,0,0,0,0,0,0,0,0,0,1,1,7,5,43660,MEMPHL,PHLMEM
PHL,MIA,43665,1,188604,188604,1,1,1,1,1,1,1,1,1,1,1,1,1,1,1,1,0,0,0,0,0,0,0,0,0,0,0,0,0,0,0,0,0,0,0,1,182520,188604,0,0,0,0,0,0,0,0,0,1,1,1,1,1,1,1,7,5,43660,MIAPHL,PHLMIA
PHL,MKE,43665,0,0,0,0,0,0,0,0,0,0,0,0,0,0,0,0,0,0,0,1,122642,128154,0,0,0,1,1,1,1,1,1,1,1,1,1,1,1,1,0,0,0,0,0,0,0,0,0,0,0,0,0,0,0,0,0,0,0,7,5,43660,MKEPHL,PHLMKE
PHL,MSN,43665,1,142868,142104,1,1,1,1,1,1,1,1,1,1,1,1,1,1,1,1,0,0,0,0,0,0,0,0,0,0,0,0,0,0,0,0,0,0,0,1,127588,142104,0,0,0,0,0,0,0,0,0,0,0,0,0,0,0,0,7,5,43660,MSNPHL,PHLMSN
PHL,MSY,43665,0,0,0,0,0,0,0,0,0,0,0,0,0,0,0,0,0,0,0,1,244758,249090,0,0,0,0,0,1,1,1,1,1,1,1,1,1,1,1,0,0,0,0,0,0,0,0,0,0,0,0,0,0,0,0,0,0,0,7,5,43660,MSYPHL,PHLMSY
PHL,OMA,43665,1,147696,195480,0,0,0,0,0,0,0,0,0,0,0,0,0,0,0,0,1,183534,195480,0,0,0,0,0,0,0,0,0,0,0,0,0,1,1,1,1,128148,201996,0,0,0,0,0,0,0,0,0,0,0,0,0,0,0,0,7,5,43660,OMAPHL,PHLOMA
PHL,PNS,43665,1,174096,168480,1,1,1,1,1,1,1,1,1,1,1,1,1,1,1,1,0,0,0,0,0,0,0,0,0,0,0,0,0,0,0,0,0,0,0,1,174096,174096,1,1,1,1,1,1,1,1,1,1,1,1,1,1,1,1,7,5,43660,PHLPNS,PHLPNS
PHL,RSW,43665,1,181719,184698,0,0,0,0,0,0,0,0,0,0,0,0,0,0,0,0,0,0,0,0,0,0,0,0,0,0,0,0,0,0,0,0,0,0,0,1,168810,184698,0,0,0,0,0,0,0,0,0,0,0,0,0,0,1,1,7,5,43660,PHLRSW,PHLRSW
PHL,SAV,43665,0,0,0,0,0,0,0,0,0,0,0,0,0,0,0,0,0,0,0,1,113400,113400,0,0,0,1,1,1,1,1,1,1,1,1,1,1,1,1,0,0,0,0,0,0,0,0,0,0,0,0,0,0,0,0,0,0,0,7,5,43660,PHLSAV,PHLSAV
PHL,SJU,43665,1,362480,362480,1,1,1,1,1,1,1,1,1,1,1,1,1,1,1,1,1,365632,362480,1,1,1,1,1,1,1,1,1,1,1,1,1,1,1,1,1,357752,362480,0,0,1,1,1,1,1,1,1,1,1,1,1,1,1,1,7,5,43660,PHLSJU,PHLSJU
PHL,TPA,43665,1,166701,171306,0,0,0,0,0,0,0,0,0,0,0,0,0,0,0,0,1,165960,165960,1,1,1,1,1,1,1,1,1,1,1,1,1,1,1,1,1,161175,165780,0,0,0,0,0,0,0,0,0,1,1,1,1,1,1,1,7,5,43660,PHLTPA,PHLTPA
PHX,AUS,43665,0,0,0,0,0,0,0,0,0,0,0,0,0,0,0,0,0,0,0,1,128184,130800,0,0,0,0,0,0,0,0,0,0,0,0,0,0,0,0,0,0,0,0,0,0,0,0,0,0,0,0,0,0,0,0,0,0,0,7,5,43660,AUSPHX,PHXAUS
PHX,CLE,43665,1,399510,399510,1,1,1,1,1,1,1,1,1,1,1,1,1,1,1,1,0,0,0,0,0,0,0,0,0,0,0,0,0,0,0,0,0,0,0,1,397773,399510,0,0,0,0,0,0,0,0,1,1,1,1,1,1,1,1,7,5,43660,CLEPHX,PHXCLE
PHX,COS,43665,1,97527,102486,0,0,0,0,0,0,0,0,0,0,0,0,0,0,0,0,1,82650,82650,1,1,1,1,1,1,1,1,1,1,1,1,1,1,1,1,1,93119,99180,0,0,0,0,0,0,0,0,0,0,0,0,1,1,1,1,7,5,43660,COSPHX,PHXCOS
PHX,CVG,43665,1,291834,291834,1,1,1,1,1,1,1,1,1,1,1,1,1,1,1,1,1,361977,360410,1,1,1,1,1,1,1,1,1,1,1,1,1,1,1,1,1,291834,291834,1,1,1,1,1,1,1,1,1,1,1,1,1,1,1,1,7,5,43660,CVGPHX,PHXCVG
PHX,DEN,43665,2,249228,250432,1,1,1,1,1,1,1,1,1,1,1,1,1,1,1,1,1,139664,138460,1,1,1,1,1,1,1,1,1,1,1,1,1,1,1,1,2,245616,246820,0,0,0,0,0,1,2,2,2,2,2,2,2,2,2,2,7,5,43660,DENPHX,PHXDEN
PNS,ORD,43665,1,131970,143100,0,0,0,0,0,0,0,0,0,0,0,0,0,0,0,0,0,0,0,0,0,0,0,0,0,0,0,0,0,0,0,0,0,0,0,1,131970,147870,0,0,0,0,0,0,0,0,0,0,0,0,0,0,0,1,7,5,43660,ORDPNS,PNSORD
PNS,PHL,43665,1,174096,168480,1,1,1,1,1,1,1,1,1,1,1,1,1,1,1,1,0,0,0,0,0,0,0,0,0,0,0,0,0,0,0,0,0,0,0,1,173160,174096,0,0,0,0,0,0,0,0,0,1,1,1,1,1,1,1,7,5,43660,PHLPNS,PNSPHL
PUJ,ORD,43665,1,291060,356400,1,1,1,1,1,1,1,1,1,1,1,1,1,1,1,1,1,77415,369210,0,0,0,0,0,0,0,0,0,0,0,0,0,0,0,0,1,291060,368280,1,1,1,1,1,1,1,1,1,1,1,1,1,1,1,1,7,5,43660,ORDPUJ,PUJORD
PVD,CLT,43665,1,121574,127038,0,0,0,0,0,0,0,0,0,0,0,0,0,0,0,0,1,151848,157320,0,0,0,0,0,0,0,0,0,0,0,0,0,0,0,0,1,116793,127038,0,0,0,0,0,0,0,0,0,0,0,0,0,0,1,1,7,5,43660,CLTPVD,PVDCLT
PVD,DEN,43665,0,0,0,0,0,0,0,0,0,0,0,0,0,0,0,0,0,0,0,1,309186,312660,0,0,0,0,0,0,0,0,0,0,0,0,0,0,0,0,0,0,0,0,0,0,0,0,0,0,0,0,0,0,0,0,0,0,0,7,5,43660,DENPVD,PVDDEN
PVD,MCO,43665,1,192960,199392,0,0,0,0,0,0,0,0,0,0,0,0,0,0,0,0,1,198320,199392,0,0,0,0,0,0,0,0,0,0,0,0,0,0,0,0,1,189744,192960,0,0,0,0,0,0,0,0,0,0,1,1,1,1,1,1,7,5,43660,MCOPVD,PVDMCO
PVD,TPA,43665,0,0,0,0,0,0,0,0,0,0,0,0,0,0,0,0,0,0,0,1,181920,204660,0,0,0,0,0,0,0,0,0,0,0,0,0,0,0,0,0,0,0,0,0,0,0,0,0,0,0,0,0,0,0,0,0,0,0,7,5,43660,PVDTPA,PVDTPA
PWM,DEN,43665,1,313632,331452,0,0,0,0,0,0,0,0,0,0,0,0,0,0,0,0,0,0,0,0,0,0,0,0,0,0,0,0,0,0,0,0,0,0,0,1,295812,331452,0,0,0,0,0,0,0,0,0,0,0,0,0,0,0,0,7,5,43660,DENPWM,PWMDEN
PWM,RDU,43665,1,120400,126000,0,0,0,0,0,0,0,0,0,0,0,0,0,0,0,0,0,0,0,0,0,0,0,0,0,0,0,0,0,0,0,0,0,0,0,1,119000,130200,0,0,0,0,0,0,0,0,0,0,0,0,0,0,0,0,7,5,43660,PWMRDU,PWMRDU
RDU,AUS,43665,0,0,0,0,0,0,0,0,0,0,0,0,0,0,0,0,0,0,0,1,192892,216132,0,0,0,0,0,0,0,0,0,0,0,0,0,0,0,1,0,0,0,0,0,0,0,0,0,0,0,0,0,0,0,0,0,0,0,7,5,43660,AUSRDU,RDUAUS
RDU,BOS,43665,1,111996,113832,0,0,0,0,0,0,0,0,0,0,0,0,0,0,0,0,0,0,0,0,0,0,0,0,0,0,0,0,0,0,0,0,0,0,0,1,109548,113832,0,0,0,0,0,0,0,0,0,0,0,1,1,1,1,1,7,5,43660,BOSRDU,RDUBOS
RDU,CLE,43665,1,76128,77376,0,0,0,0,0,0,0,0,0,0,0,0,0,0,0,0,0,0,0,0,0,0,0,0,0,0,0,0,0,0,0,0,0,0,0,1,68640,77376,0,0,0,0,0,0,0,0,0,0,0,0,0,0,0,0,7,5,43660,CLERDU,RDUCLE
RDU,CVG,43665,0,0,0,0,0,0,0,0,0,0,0,0,0,0,0,0,0,0,0,1,47311,58650,0,0,0,0,0,0,0,0,0,0,0,0,0,0,0,1,0,0,0,0,0,0,0,0,0,0,0,0,0,0,0,0,0,0,0,7,5,43660,CVGRDU,RDUCVG
RDU,DEN,43665,1,265290,258120,1,1,1,1,1,1,1,1,1,1,1,1,1,1,1,1,1,261170,258300,1,1,1,1,1,1,1,1,1,1,1,1,1,1,1,1,1,266724,266724,1,1,1,1,1,1,1,1,1,1,1,1,1,1,1,1,7,5,43660,DENRDU,RDUDEN
RDU,DTW,43665,1,91683,93186,0,0,0,0,0,0,0,0,0,0,0,0,0,0,0,0,0,0,0,0,0,0,0,0,0,0,0,0,0,0,0,0,0,0,0,1,89679,93186,0,0,0,0,0,0,0,0,0,0,0,1,1,1,1,1,7,5,43660,DTWRDU,RDUDTW
RDU,IAH,43665,1,193812,193812,1,1,1,1,1,1,1,1,1,1,1,1,1,1,1,1,0,0,0,0,0,0,0,0,0,0,0,0,0,0,0,0,0,0,0,1,193812,193812,1,1,1,1,1,1,1,1,1,1,1,1,1,1,1,1,7,5,43660,IAHRDU,RDUIAH
RDU,LAS,43665,1,324320,364860,0,0,0,0,0,0,0,0,0,0,0,0,0,0,0,0,1,366706,364680,1,1,1,1,1,1,1,1,1,1,1,1,1,1,1,1,1,320266,377022,0,0,0,0,0,0,0,0,0,0,0,0,0,0,0,1,7,5,43660,LASRDU,RDULAS
RDU,MCI,43665,0,0,0,0,0,0,0,0,0,0,0,0,0,0,0,0,0,0,0,1,141771,162540,0,0,0,0,0,0,0,0,0,0,0,0,0,0,0,1,0,0,0,0,0,0,0,0,0,0,0,0,0,0,0,0,0,0,0,7,5,43660,MCIRDU,RDUMCI
RDU,MCO,43665,1,122590,122590,1,1,1,1,1,1,1,1,1,1,1,1,1,1,1,1,0,0,0,0,0,0,0,0,0,0,0,0,0,0,0,0,0,0,0,1,122590,122590,1,1,1,1,1,1,1,1,1,1,1,1,1,1,1,1,7,5,43660,MCORDU,RDUMCO
RDU,MSP,43665,0,0,0,0,0,0,0,0,0,0,0,0,0,0,0,0,0,0,0,1,104860,182280,0,0,0,0,0,0,0,0,0,0,0,0,0,0,0,0,0,0,0,0,0,0,0,0,0,0,0,0,0,0,0,0,0,0,0,7,5,43660,MSPRDU,RDUMSP
RDU,MSY,43665,1,103740,145080,0,0,0,0,0,0,0,0,0,0,0,0,0,0,0,0,1,144300,140400,1,1,1,1,1,1,1,1,1,1,1,1,1,1,1,1,1,101400,145080,0,0,0,0,0,0,0,0,0,0,0,0,0,0,0,0,7,5,43660,MSYRDU,RDUMSY
RDU,PWM,43665,1,130200,130200,1,1,1,1,1,1,1,1,1,1,1,1,1,1,1,1,0,0,0,0,0,0,0,0,0,0,0,0,0,0,0,0,0,0,0,1,130200,130200,1,1,1,1,1,1,1,1,1,1,1,1,1,1,1,1,7,5,43660,PWMRDU,RDUPWM
RDU,SAT,43665,0,0,0,0,0,0,0,0,0,0,0,0,0,0,0,0,0,0,0,1,175175,220500,0,0,0,0,0,0,0,0,0,0,0,0,0,0,0,0,0,0,0,0,0,0,0,0,0,0,0,0,0,0,0,0,0,0,0,7,5,43660,RDUSAT,RDUSAT
RDU,SYR,43665,1,77850,77850,1,1,1,1,1,1,1,1,1,1,1,1,1,1,1,1,1,92040,93600,0,0,0,0,0,0,0,0,0,1,1,1,1,1,1,1,1,78888,77850,1,1,1,1,1,1,1,1,1,1,1,1,1,1,1,1,7,5,43660,RDUSYR,RDUSYR
RDU,TPA,43665,1,96432,109368,0,0,0,0,0,0,0,0,0,0,0,0,0,0,0,0,0,0,0,0,0,0,0,0,0,0,0,0,0,0,0,0,0,0,0,1,95256,109368,0,0,0,0,0,0,0,0,0,0,0,0,0,0,0,1,7,5,43660,RDUTPA,RDUTPA
RDU,TTN,43665,1,62664,67140,0,0,0,0,0,0,0,0,0,0,0,0,0,0,0,0,1,69005,69378,0,0,0,0,0,1,1,1,1,1,1,1,1,1,1,1,1,56696,67140,0,0,0,0,0,0,0,0,0,0,0,0,0,0,0,0,7,5,43660,RDUTTN,RDUTTN
RNO,AUS,43665,0,0,0,0,0,0,0,0,0,0,0,0,0,0,0,0,0,0,0,1,214965,261330,0,0,0,0,0,0,0,0,0,0,0,0,0,0,0,0,0,0,0,0,0,0,0,0,0,0,0,0,0,0,0,0,0,0,0,7,5,43660,AUSRNO,RNOAUS
RNO,DEN,43665,0,0,0,0,0,0,0,0,0,0,0,0,0,0,0,0,0,0,0,1,118844,149358,0,0,0,0,0,0,0,0,0,0,0,0,0,0,0,0,0,0,0,0,0,0,0,0,0,0,0,0,0,0,0,0,0,0,0,7,5,43660,DENRNO,RNODEN
RSW,CLE,43665,1,205000,235750,0,0,0,0,0,0,0,0,0,0,0,0,0,0,0,0,1,235641,236670,0,0,0,0,0,0,0,0,0,0,0,0,0,0,0,0,1,202950,235750,0,0,0,0,0,0,0,0,0,0,0,0,0,0,1,1,7,5,43660,CLERSW,RSWCLE
RSW,CVG,43665,1,183502,201940,0,0,0,0,0,0,0,0,0,0,0,0,0,0,0,0,1,155232,158760,0,0,0,0,0,0,0,0,0,0,0,0,0,0,0,1,1,183502,201940,0,0,0,0,0,0,0,0,0,0,0,0,0,0,0,1,7,5,43660,CVGRSW,RSWCVG
RSW,PHL,43665,1,180726,184698,0,0,0,0,0,0,0,0,0,0,0,0,0,0,0,0,0,0,0,0,0,0,0,0,0,0,0,0,0,0,0,0,0,0,0,1,177747,184698,0,0,0,0,0,0,0,0,0,0,0,0,1,1,1,1,7,5,43660,PHLRSW,RSWPHL
SAN,AUS,43665,1,175160,215760,0,0,0,0,0,0,0,0,0,0,0,0,0,0,0,0,0,0,0,0,0,0,0,0,0,0,0,0,0,0,0,0,0,0,0,1,165880,215760,0,0,0,0,0,0,0,0,0,0,0,0,0,0,0,0,7,5,43660,AUSSAN,SANAUS
SAN,CLE,43665,1,376836,376836,1,1,1,1,1,1,1,1,1,1,1,1,1,1,1,1,0,0,0,0,0,0,0,0,0,0,0,0,0,0,0,0,0,0,0,1,376836,376836,1,1,1,1,1,1,1,1,1,1,1,1,1,1,1,1,7,5,43660,CLESAN,SANCLE
SAN,COS,43665,0,0,0,0,0,0,0,0,0,0,0,0,0,0,0,0,0,0,0,1,125664,151776,0,0,0,0,0,0,0,0,0,0,0,0,0,0,1,1,0,0,0,0,0,0,0,0,0,0,0,0,0,0,0,0,0,0,0,7,5,43660,COSSAN,SANCOS
SAN,DEN,43665,2,283196,281490,1,1,1,1,1,1,1,1,1,1,1,1,1,1,1,1,2,394939,392380,2,2,2,2,2,2,2,2,2,2,2,2,2,2,2,2,2,264430,281490,0,0,0,0,0,0,0,0,0,0,0,0,1,2,2,2,7,5,43660,DENSAN,SANDEN
SAN,LAS,43665,1,45924,46440,0,0,0,0,0,0,0,0,0,0,0,0,0,0,0,0,0,0,0,0,0,0,0,0,0,0,0,0,0,0,0,0,0,0,0,1,42054,47988,0,0,0,0,0,0,0,0,0,0,0,0,0,1,1,1,7,5,43660,LASSAN,SANLAS
SAN,MCO,43665,1,339226,399342,0,0,0,0,0,0,0,0,0,0,0,0,0,0,0,0,0,0,0,0,0,0,0,0,0,0,0,0,0,0,0,0,0,0,0,1,330638,399342,0,0,0,0,0,0,0,0,0,0,0,0,0,0,0,0,7,5,43660,MCOSAN,SANMCO
SAN,OKC,43665,0,0,0,0,0,0,0,0,0,0,0,0,0,0,0,0,0,0,0,1,158900,204300,0,0,0,0,0,0,0,0,0,0,0,0,0,0,0,0,0,0,0,0,0,0,0,0,0,0,0,0,0,0,0,0,0,0,0,7,5,43660,OKCSAN,SANOKC
SAN,SAT,43665,0,0,0,0,0,0,0,0,0,0,0,0,0,0,0,0,0,0,0,1,206790,210180,0,0,0,0,0,0,0,0,0,0,0,0,0,0,0,1,0,0,0,0,0,0,0,0,0,0,0,0,0,0,0,0,0,0,0,7,5,43660,SANSAT,SANSAT
SAT,COS,43665,1,135966,135966,1,1,1,1,1,1,1,1,1,1,1,1,1,1,1,1,1,121512,136152,0,0,0,0,0,0,0,0,0,0,0,0,0,0,0,1,1,135966,135966,1,1,1,1,1,1,1,1,1,1,1,1,1,1,1,1,7,5,43660,COSSAT,SATCOS
SAT,CVG,43665,0,0,0,0,0,0,0,0,0,0,0,0,0,0,0,0,0,0,0,1,159900,190650,0,0,0,0,0,0,0,0,0,0,0,0,0,0,0,0,0,0,0,0,0,0,0,0,0,0,0,0,0,0,0,0,0,0,0,7,5,43660,CVGSAT,SATCVG
SAT,DEN,43665,1,147870,147870,1,1,1,1,1,1,1,1,1,1,1,1,1,1,1,1,0,0,0,0,0,0,0,0,0,0,0,0,0,0,0,0,0,0,0,1,147075,147870,0,0,0,0,0,0,0,0,1,1,1,1,1,1,1,1,7,5,43660,DENSAT,SATDEN
SAT,IAD,43665,1,253332,245160,1,1,1,1,1,1,1,1,1,1,1,1,1,1,1,1,1,197490,204300,0,0,0,0,0,0,0,0,0,0,0,0,0,0,0,1,1,253332,253332,1,1,1,1,1,1,1,1,1,1,1,1,1,1,1,1,7,5,43660,IADSAT,SATIAD
SAT,LAS,43665,1,188144,192420,0,1,1,1,1,1,1,1,1,1,1,1,1,1,1,1,0,0,0,0,0,0,0,0,0,0,0,0,0,0,0,0,0,0,0,1,182799,198834,0,0,0,0,0,0,0,0,0,0,1,1,1,1,1,1,7,5,43660,LASSAT,SATLAS
SAT,MSY,43665,1,90402,88920,1,1,1,1,1,1,1,1,1,1,1,1,1,1,1,1,1,92070,92070,1,1,1,1,1,1,1,1,1,1,1,1,1,1,1,1,1,86450,91884,0,0,0,0,0,0,0,0,0,0,0,0,1,1,1,1,7,5,43660,MSYSAT,SATMSY
SAT,ONT,43665,1,215895,210060,1,1,1,1,1,1,1,1,1,1,1,1,1,1,1,1,0,0,0,0,0,0,0,0,0,0,0,0,0,0,0,0,0,0,0,1,214728,217062,0,0,0,0,0,0,0,1,1,1,1,1,1,1,1,1,7,5,43660,ONTSAT,SATONT
SAT,RDU,43665,0,0,0,0,0,0,0,0,0,0,0,0,0,0,0,0,0,0,0,1,208250,220500,0,0,0,0,0,0,0,0,0,0,0,0,0,0,0,0,0,0,0,0,0,0,0,0,0,0,0,0,0,0,0,0,0,0,0,7,5,43660,RDUSAT,SATRDU
SAT,SAN,43665,0,0,0,0,0,0,0,0,0,0,0,0,0,0,0,0,0,0,0,1,210180,210180,1,1,1,1,1,1,1,1,1,1,1,1,1,1,1,1,0,0,0,0,0,0,0,0,0,0,0,0,0,0,0,0,0,0,0,7,5,43660,SANSAT,SATSAN
SAT,SJC,43665,0,0,0,0,0,0,0,0,0,0,0,0,0,0,0,0,0,0,0,1,191928,218100,0,0,0,0,0,0,0,0,0,0,0,0,0,0,0,1,0,0,0,0,0,0,0,0,0,0,0,0,0,0,0,0,0,0,0,7,5,43660,SATSJC,SATSJC
SAV,DEN,43665,1,248512,262632,0,0,0,0,0,0,0,0,0,0,0,0,0,0,0,0,1,221998,263004,0,0,0,0,0,0,0,0,0,0,0,0,0,0,0,1,1,245688,262632,0,0,0,0,0,0,0,0,0,0,0,0,1,1,1,1,7,5,43660,DENSAV,SAVDEN
SAV,PHL,43665,0,0,0,0,0,0,0,0,0,0,0,0,0,0,0,0,0,0,0,1,92610,113400,0,0,0,0,0,0,0,0,0,0,0,0,0,0,0,1,0,0,0,0,0,0,0,0,0,0,0,0,0,0,0,0,0,0,0,7,5,43660,PHLSAV,SAVPHL
SDF,DEN,43665,1,189906,189906,1,1,1,1,1,1,1,1,1,1,1,1,1,1,1,1,1,183960,190092,0,0,0,0,0,0,0,0,0,0,0,0,0,0,0,0,1,189906,189906,1,1,1,1,1,1,1,1,1,1,1,1,1,1,1,1,7,5,43660,DENSDF,SDFDEN
SEA,AUS,43665,0,0,0,0,0,0,0,0,0,0,0,0,0,0,0,0,0,0,0,1,263879,329406,0,0,0,0,0,0,0,0,0,0,0,0,0,0,0,1,0,0,0,0,0,0,0,0,0,0,0,0,0,0,0,0,0,0,0,7,5,43660,AUSSEA,SEAAUS
SEA,CLE,43665,1,440360,464600,0,0,0,0,0,0,0,0,0,0,0,0,0,0,0,0,1,357186,464140,0,0,0,0,0,0,0,0,0,0,0,0,0,0,0,0,1,416120,464600,0,0,0,0,0,0,0,0,0,0,0,0,0,0,0,1,7,5,43660,CLESEA,SEACLE
SEA,DEN,43665,2,359073,419430,0,0,0,0,0,0,0,0,0,0,0,0,0,0,0,0,2,423936,419840,1,1,2,2,2,2,2,2,2,2,2,2,2,2,2,2,2,327360,419430,0,0,0,0,0,0,0,0,0,0,0,0,0,1,1,1,7,5,43660,DENSEA,SEADEN
SFO,ATL,43665,1,389480,385200,1,1,1,1,1,1,1,1,1,1,1,1,1,1,1,1,0,0,0,0,0,0,0,0,0,0,0,0,0,0,0,0,0,0,0,1,387340,398040,0,0,0,0,0,1,1,1,1,1,1,1,1,1,1,1,7,5,43660,ATLSFO,SFOATL
SFO,AUS,43665,1,283311,278814,1,1,1,1,1,1,1,1,1,1,1,1,1,1,1,1,0,0,0,0,0,0,0,0,0,0,0,0,0,0,0,0,0,0,0,1,260826,278814,0,0,0,0,0,0,0,0,0,0,0,0,0,1,1,1,7,5,43660,AUSSFO,SFOAUS
SFO,DEN,43665,2,284970,324576,0,0,0,0,0,0,0,0,0,0,0,0,0,0,0,0,2,370944,367080,2,2,2,2,2,2,2,2,2,2,2,2,2,2,2,2,2,256956,359352,0,0,0,0,0,0,0,0,0,0,0,0,0,0,0,0,7,5,43660,DENSFO,SFODEN
SFO,LAS,43665,1,75762,77004,0,0,0,0,0,0,0,0,0,0,0,0,0,0,0,0,0,0,0,0,0,0,0,0,0,0,0,0,0,0,0,0,0,0,0,1,72450,77004,0,0,0,0,0,0,0,0,0,0,1,1,1,1,1,1,7,5,43660,LASSFO,SFOLAS
SFO,OMA,43665,0,0,0,0,0,0,0,0,0,0,0,0,0,0,0,0,0,0,0,1,246132,257580,0,0,0,0,0,0,0,0,0,0,0,0,0,1,1,1,0,0,0,0,0,0,0,0,0,0,0,0,0,0,0,0,0,0,0,7,5,43660,OMASFO,SFOOMA
SJC,ATL,43665,0,0,0,0,0,0,0,0,0,0,0,0,0,0,0,0,0,0,0,1,376648,380880,0,0,0,0,0,0,0,0,0,0,0,0,0,0,0,1,0,0,0,0,0,0,0,0,0,0,0,0,0,0,0,0,0,0,0,7,5,43660,ATLSJC,SJCATL
SJC,DEN,43665,1,217810,217810,1,1,1,1,1,1,1,1,1,1,1,1,1,1,1,1,1,164778,170460,0,0,0,0,0,0,0,0,0,0,0,1,1,1,1,1,1,210234,217810,0,0,0,0,0,0,0,0,0,0,0,0,0,0,1,1,7,5,43660,DENSJC,SJCDEN
SJC,LAS,43665,1,70070,71610,0,0,0,0,0,0,0,0,0,0,0,0,0,0,0,0,1,71982,71982,1,1,1,1,1,1,1,1,1,1,1,1,1,1,1,1,1,64680,71610,0,0,0,0,0,0,0,0,0,0,0,0,0,1,1,1,7,5,43660,LASSJC,SJCLAS
SJC,SAT,43665,0,0,0,0,0,0,0,0,0,0,0,0,0,0,0,0,0,0,0,1,215192,218100,0,0,0,0,0,0,0,0,0,0,0,0,0,0,0,1,0,0,0,0,0,0,0,0,0,0,0,0,0,0,0,0,0,0,0,7,5,43660,SATSJC,SJCSAT
SJU,MCO,43665,1,273700,273700,1,1,1,1,1,1,1,1,1,1,1,1,1,1,1,1,1,272281,273470,0,0,1,1,1,1,1,1,1,1,1,1,1,1,1,1,2,527170,547400,0,0,0,0,0,0,0,0,0,0,1,1,1,1,2,2,7,5,43660,MCOSJU,SJUMCO
SJU,MIA,43665,0,0,0,0,0,0,0,0,0,0,0,0,0,0,0,0,0,0,0,1,195602,194556,1,1,1,1,1,1,1,1,1,1,1,1,1,1,1,1,0,0,0,0,0,0,0,0,0,0,0,0,0,0,0,0,0,0,0,7,5,43660,MIASJU,SJUMIA
SJU,PHL,43665,0,0,0,0,0,0,0,0,0,0,0,0,0,0,0,0,0,0,0,0,0,0,0,0,0,0,0,0,0,0,0,0,0,0,0,0,0,0,1,324656,362480,0,0,0,0,0,0,0,0,0,0,0,0,0,0,0,0,7,5,43660,PHLSJU,SJUPHL
SLC,ATL,43665,1,352758,365470,0,0,0,0,0,0,0,0,0,0,0,0,0,0,0,0,1,355488,365010,0,0,0,0,0,0,0,0,0,0,0,0,0,0,0,1,1,340046,365470,0,0,0,0,0,0,0,0,0,0,0,0,0,0,0,0,7,5,43660,ATLSLC,SLCATL
SLC,AUS,43665,1,194040,200508,0,0,0,0,0,0,0,0,0,0,0,0,0,0,0,0,0,0,0,0,0,0,0,0,0,0,0,0,0,0,0,0,0,0,0,1,184338,200508,0,0,0,0,0,0,0,0,0,0,0,0,0,1,1,1,7,5,43660,AUSSLC,SLCAUS
SLC,DEN,43665,3,209820,232440,0,0,0,0,0,0,0,0,0,0,0,0,0,0,0,0,4,315900,324480,3,3,3,3,3,3,3,3,3,3,3,3,3,3,3,3,3,199290,232440,0,0,0,0,0,0,0,0,0,0,0,0,0,0,1,1,7,5,43660,DENSLC,SLCDEN
SMF,DEN,43665,1,112592,168888,0,0,0,0,0,0,0,0,0,0,0,0,0,0,0,0,0,0,0,0,0,0,0,0,0,0,0,0,0,0,0,0,0,0,0,1,108052,163440,0,0,0,0,0,0,0,0,0,0,0,0,0,0,0,0,7,5,43660,DENSMF,SMFDEN
SMF,LAS,43665,1,70666,73842,0,0,0,0,0,0,0,0,0,0,0,0,0,0,0,0,0,0,0,0,0,0,0,0,0,0,0,0,0,0,0,0,0,0,0,1,57565,73842,0,0,0,0,0,0,0,0,0,0,0,0,0,0,0,0,7,5,43660,LASSMF,SMFLAS
SNA,AUS,43665,1,206055,216900,0,0,0,0,0,0,0,0,0,0,0,0,0,0,0,0,0,0,0,0,0,0,0,0,0,0,0,0,0,0,0,0,0,0,0,1,202440,216900,0,0,0,0,0,0,0,0,0,0,0,0,1,1,1,1,7,5,43660,AUSSNA,SNAAUS
SNA,DEN,43665,1,158015,157170,1,1,1,1,1,1,1,1,1,1,1,1,1,1,1,1,2,309636,309636,1,1,1,1,1,1,1,1,1,1,1,1,1,1,1,1,1,151255,157170,0,0,0,0,0,0,0,0,1,1,1,1,1,1,1,1,7,5,43660,DENSNA,SNADEN
SRQ,CLE,43665,1,214674,222410,0,0,0,0,0,0,0,0,0,0,0,0,0,0,0,0,0,0,0,0,0,0,0,0,0,0,0,0,0,0,0,0,0,0,0,1,204037,222410,0,0,0,0,0,0,0,0,0,0,0,0,0,0,0,0,7,5,43660,CLESRQ,SRQCLE
STL,CUN,43665,1,284418,285660,1,1,1,1,1,1,1,1,1,1,1,1,1,1,1,1,1,278432,285890,1,1,1,1,1,1,1,1,1,1,1,1,1,1,1,1,1,281934,285660,0,0,0,0,0,0,0,1,1,1,1,1,1,1,1,1,7,5,43660,CUNSTL,STLCUN
STL,DEN,43665,2,285696,285696,2,2,2,2,2,2,2,2,2,2,2,2,2,2,2,2,1,178408,176870,1,1,1,1,1,1,1,1,1,1,1,1,1,1,1,1,2,283392,285696,1,1,1,1,1,1,1,1,1,1,2,2,2,2,2,2,7,5,43660,DENSTL,STLDEN
STL,LAS,43665,1,315100,315100,1,1,1,1,1,1,1,1,1,1,1,1,1,1,1,1,1,315330,315330,1,1,1,1,1,1,1,1,1,1,1,1,1,1,1,1,1,315100,315100,1,1,1,1,1,1,1,1,1,1,1,1,1,1,1,1,7,5,43660,LASSTL,STLLAS
STL,MCO,43665,1,202860,202860,1,1,1,1,1,1,1,1,1,1,1,1,1,1,1,1,1,202860,202860,1,1,1,1,1,1,1,1,1,1,1,1,1,1,1,1,1,201978,202860,0,0,0,0,1,1,1,1,1,1,1,1,1,1,1,1,7,5,43660,MCOSTL,STLMCO
SYR,DEN,43665,1,223650,223650,1,1,1,1,1,1,1,1,1,1,1,1,1,1,1,1,1,255132,268560,0,0,0,0,0,0,0,0,0,0,1,1,1,1,1,1,1,198303,223650,0,0,0,0,0,0,0,0,0,0,0,0,0,0,0,1,7,5,43660,DENSYR,SYRDEN
SYR,RDU,43665,1,70065,77850,0,0,0,0,0,0,0,0,0,0,0,0,0,0,0,0,1,77480,93600,0,0,0,0,0,0,0,0,0,0,0,0,0,0,1,1,1,70065,77850,0,0,0,0,0,0,0,0,0,0,0,0,0,0,0,0,7,5,43660,RDUSYR,SYRRDU
TPA,CLE,43665,1,166112,172608,0,0,0,0,0,0,0,0,0,0,0,0,0,0,0,0,1,206460,213900,0,0,0,0,0,0,0,0,0,0,0,0,0,0,0,0,1,157760,167040,0,0,0,0,0,0,0,0,0,0,0,0,1,1,1,1,7,5,43660,CLETPA,TPACLE
TPA,CVG,43665,1,140686,139140,1,1,1,1,1,1,1,1,1,1,1,1,1,1,1,1,1,139140,139140,1,1,1,1,1,1,1,1,1,1,1,1,1,1,1,1,1,129864,143778,0,0,0,0,0,0,0,0,0,0,0,0,0,1,1,1,7,5,43660,CVGTPA,TPACVG
TPA,DEN,43665,2,561738,551196,2,2,2,2,2,2,2,2,2,2,2,2,2,2,2,2,1,226050,226050,1,1,1,1,1,1,1,1,1,1,1,1,1,1,1,1,2,540654,560232,0,0,1,1,1,1,1,2,2,2,2,2,2,2,2,2,7,5,43660,DENTPA,TPADEN
TPA,ISP,43665,0,0,0,0,0,0,0,0,0,0,0,0,0,0,0,0,0,0,0,1,236786,237820,0,0,0,0,0,0,0,0,0,0,0,0,0,0,0,0,0,0,0,0,0,0,0,0,0,0,0,0,0,0,0,0,0,0,0,7,5,43660,ISPTPA,TPAISP
TPA,LAS,43665,1,359285,369210,0,0,0,0,0,0,0,0,0,0,0,0,0,0,0,0,1,367040,357120,1,1,1,1,1,1,1,1,1,1,1,1,1,1,1,1,1,331495,357300,0,0,0,0,0,0,0,1,1,1,1,1,1,1,1,1,7,5,43660,LASTPA,TPALAS
TPA,PHL,43665,1,165780,171306,0,0,0,0,0,0,0,0,0,0,0,0,0,0,0,0,1,165960,165960,1,1,1,1,1,1,1,1,1,1,1,1,1,1,1,1,1,165780,165780,1,1,1,1,1,1,1,1,1,1,1,1,1,1,1,1,7,5,43660,PHLTPA,TPAPHL
TPA,PVD,43665,0,0,0,0,0,0,0,0,0,0,0,0,0,0,0,0,0,0,0,1,211482,204660,1,1,1,1,1,1,1,1,1,1,1,1,1,1,1,1,0,0,0,0,0,0,0,0,0,0,0,0,0,0,0,0,0,0,0,7,5,43660,PVDTPA,TPAPVD
TPA,RDU,43665,1,91728,105840,0,0,0,0,0,0,0,0,0,0,0,0,0,0,0,0,0,0,0,0,0,0,0,0,0,0,0,0,0,0,0,0,0,0,0,1,88788,109368,0,0,0,0,0,0,0,0,0,0,0,0,0,0,0,0,7,5,43660,RDUTPA,TPARDU
TPA,TTN,43665,1,172080,177816,0,0,0,0,0,0,0,0,0,0,0,0,0,0,0,0,0,0,0,0,0,0,0,0,0,0,0,0,0,0,0,0,0,0,0,1,172080,172080,1,1,1,1,1,1,1,1,1,1,1,1,1,1,1,1,7,5,43660,TPATTN,TPATTN
TTN,ATL,43665,1,130900,130200,1,1,1,1,1,1,1,1,1,1,1,1,1,1,1,1,1,130386,126180,1,1,1,1,1,1,1,1,1,1,1,1,1,1,1,1,1,129500,130200,0,0,0,0,0,1,1,1,1,1,1,1,1,1,1,1,7,5,43660,ATLTTN,TTNATL
TTN,CHS,43665,1,93174,108996,0,0,0,0,0,0,0,0,0,0,0,0,0,0,0,0,1,93760,108996,0,0,0,0,0,0,0,0,0,0,0,0,0,0,0,1,1,92588,105480,0,0,0,0,0,0,0,0,0,0,0,0,0,0,0,0,7,5,43660,CHSTTN,TTNCHS
TTN,CLT,43665,1,87604,90024,0,0,0,0,0,0,0,0,0,0,0,0,0,0,0,0,0,0,0,0,0,0,0,0,0,0,0,0,0,0,0,0,0,0,0,1,82280,90024,0,0,0,0,0,0,0,0,0,0,0,0,0,0,0,0,7,5,43660,CLTTTN,TTNCLT
TTN,DTW,43665,0,0,0,0,0,0,0,0,0,0,0,0,0,0,0,0,0,0,0,1,81951,83340,0,0,0,0,0,0,0,1,1,1,1,1,1,1,1,1,0,0,0,0,0,0,0,0,0,0,0,0,0,0,0,0,0,0,0,7,5,43660,DTWTTN,TTNDTW
TTN,FLL,43665,1,181779,184860,0,0,0,0,0,0,0,0,0,0,0,0,0,0,0,0,0,0,0,0,0,0,0,0,0,0,0,0,0,0,0,0,0,0,0,1,182806,184860,0,0,0,0,0,0,0,0,0,0,0,1,1,1,1,1,7,5,43660,FLLTTN,TTNFLL
TTN,MCO,43665,1,166656,166656,1,1,1,1,1,1,1,1,1,1,1,1,1,1,1,1,1,162719,167214,0,0,0,0,0,0,0,0,0,1,1,1,1,1,1,1,1,155904,166656,0,0,0,0,0,0,0,0,0,0,0,0,0,0,0,1,7,5,43660,MCOTTN,TTNMCO
TTN,MSP,43665,1,112632,183768,0,0,0,0,0,0,0,0,0,0,0,0,0,0,0,0,0,0,0,0,0,0,0,0,0,0,0,0,0,0,0,0,0,0,0,1,96824,183768,0,0,0,0,0,0,0,0,0,0,0,0,0,0,0,0,7,5,43660,MSPTTN,TTNMSP
TTN,MYR,43665,0,0,0,0,0,0,0,0,0,0,0,0,0,0,0,0,0,0,0,1,69224,94674,0,0,0,0,0,0,0,0,0,0,0,0,0,0,0,0,0,0,0,0,0,0,0,0,0,0,0,0,0,0,0,0,0,0,0,7,5,43660,MYRTTN,TTNMYR
TTN,ORD,43665,1,126636,128712,0,0,0,0,0,0,0,0,0,0,0,0,0,0,0,0,1,128712,128712,0,0,0,1,1,1,1,1,1,1,1,1,1,1,1,1,1,124560,124560,1,1,1,1,1,1,1,1,1,1,1,1,1,1,1,1,7,5,43660,ORDTTN,TTNORD
TTN,PBI,43665,0,0,0,0,0,0,0,0,0,0,0,0,0,0,0,0,0,0,0,1,182780,183768,0,0,0,1,1,1,1,1,1,1,1,1,1,1,1,1,0,0,0,0,0,0,0,0,0,0,0,0,0,0,0,0,0,0,0,7,5,43660,PBITTN,TTNPBI
TTN,RDU,43665,1,67140,67140,1,1,1,1,1,1,1,1,1,1,1,1,1,1,1,1,1,69751,69378,0,0,0,1,1,1,1,1,1,1,1,1,1,1,1,1,1,62291,67140,0,0,0,0,0,0,0,0,0,0,0,0,0,1,1,1,7,5,43660,RDUTTN,TTNRDU
TTN,TPA,43665,1,172080,177816,0,0,0,0,0,0,0,0,0,0,0,0,0,0,0,0,0,0,0,0,0,0,0,0,0,0,0,0,0,0,0,0,0,0,0,1,170168,172080,0,0,0,0,0,0,0,0,0,0,1,1,1,1,1,1,7,5,43660,TPATTN,TTNTPA
TUL,DEN,43665,1,81000,81000,1,1,1,1,1,1,1,1,1,1,1,1,1,1,1,1,0,0,0,0,0,0,0,0,0,0,0,0,0,0,0,0,0,0,0,1,81000,81000,1,1,1,1,1,1,1,1,1,1,1,1,1,1,1,1,7,5,43660,DENTUL,TULDEN
TYS,DEN,43665,1,190568,216132,0,0,0,0,0,0,0,0,0,0,0,0,0,0,0,0,1,205320,215760,0,0,0,0,0,0,0,0,0,0,0,0,0,0,0,1,1,181272,216132,0,0,0,0,0,0,0,0,0,0,0,0,0,0,0,0,7,5,43660,DENTYS,TYSDEN
